id,publisher,publisher_city,publisher_address
WILEY,WILEY,HOBOKEN,"111 RIVER ST, HOBOKEN 07030-5774, NJ USA"
SAGE PUBLICATIONS INC,SAGE PUBLICATIONS INC,THOUSAND OAKS,"2455 TELLER RD, THOUSAND OAKS, CA 91320 USA"
PERGAMON-ELSEVIER SCIENCE LTD,PERGAMON-ELSEVIER SCIENCE LTD,OXFORD,"THE BOULEVARD, LANGFORD LANE, KIDLINGTON, OXFORD OX5 1GB, ENGLAND"
PAMUKKALE UNIV,PAMUKKALE UNIV,DENIZLI,"CAMPUS INCILIPINAR, DENIZLI, 20020, TURKEY"
TAYLOR & FRANCIS INC,TAYLOR & FRANCIS INC,PHILADELPHIA,"530 WALNUT STREET, STE 850, PHILADELPHIA, PA 19106 USA"
ISTANBUL KULTUR UNIV,ISTANBUL KULTUR UNIV,ISTANBUL,"ATAKOY CAMPUS, BAKIRKOY, ISTANBUL, 34156, TURKEY"
EDIT UM-EDICIONES UNIV MURCIA,EDIT UM-EDICIONES UNIV MURCIA,MURCIA,"EDIFICIO SAAVEDRA FAJARDO, C/O ACTOR ISIDORO MAIQUEZ 9, MURCIA, 30007,;   SPAIN"
UNIV SAO PAULO,UNIV SAO PAULO,SAO PAULO,"AV PROFESSOR LUCIANO GUALBERTO 315, BUTANTA, SAO PAULO, SP 05508-010,;   BRAZIL"
 FAC FILOSOFIA LETRAS & CIENCIAS HUMANAS, FAC FILOSOFIA LETRAS & CIENCIAS HUMANAS,SAO PAULO,"AV PROFESSOR LUCIANO GUALBERTO 315, BUTANTA, SAO PAULO, SP 05508-010,;   BRAZIL"
ARAB WORLD ENGLISH JOURNAL,ARAB WORLD ENGLISH JOURNAL,KUALA LUMPUR,"JALAN 34-24 WANGSA MAJU, KUALA LUMPUR, 53300, MALAYSIA"
UNIV POLITECNICA SALESIANA ECUADOR-SALESIAN POLYTECNIC UNIV,UNIV POLITECNICA SALESIANA ECUADOR-SALESIAN POLYTECNIC UNIV,CUENCA,"CALLE TURUHUAYO 3-69 & CALLE VIEJA, CUENCA, 00000, ECUADOR"
UNIV SEVILLA,UNIV SEVILLA,SEVILLE,"SECRETARIADO PUBLICACIONES, C/ PORVENIR, NO 27, SEVILLE, 41013, SPAIN"
 EDITORIAL, EDITORIAL,SEVILLE,"SECRETARIADO PUBLICACIONES, C/ PORVENIR, NO 27, SEVILLE, 41013, SPAIN"
UNIV ALICANTE,UNIV ALICANTE,ALICANTE,"APARTADO DE CORREOS 99, ALICANTE, 3080, SPAIN"
OXFORD UNIV PRESS,OXFORD UNIV PRESS,OXFORD,"GREAT CLARENDON ST, OXFORD OX2 6DP, ENGLAND"
FRONTIERS MEDIA SA,FRONTIERS MEDIA SA,LAUSANNE,"PO BOX 110, EPFL INNOVATION PARK, BUILDING I, LAUSANNE, 1015,;   SWITZERLAND"
UNIV AUTONOMA ESTADO MEXICO,UNIV AUTONOMA ESTADO MEXICO,TOLUCA,"CIUDAD UNIVERSITARIA, TOLUCA, CP 50100, MEXICO"
UNIV SS CYRIL & METHODIUS TRNAVA,UNIV SS CYRIL & METHODIUS TRNAVA,TRNAVA,"NAMESTIE JOZEFA HERDU 2, TRNAVA, 91701, SLOVAKIA"
 FAC MASS MEDIA COMMUNICATION, FAC MASS MEDIA COMMUNICATION,TRNAVA,"NAMESTIE JOZEFA HERDU 2, TRNAVA, 91701, SLOVAKIA"
INTELLECT LTD,INTELLECT LTD,BRISTOL,"THE MILL, PARNALL RD, BRISTOL, BS16 3JG, ENGLAND"
LINKOEPING UNIV ELECTRONIC PRESS,LINKOEPING UNIV ELECTRONIC PRESS,LINKOEPING,"LINKOEPING UNIV, LINKOEPING, 58183, SWEDEN"
ELSEVIER SCIENCE BV,ELSEVIER SCIENCE BV,AMSTERDAM,"PO BOX 211, 1000 AE AMSTERDAM, NETHERLANDS"
UTAH VALLEY UNIV,UTAH VALLEY UNIV,OREM,"800 W UNIVERSITY PKWY, OREM, UT 84058 USA"
SPRINGER,SPRINGER,DORDRECHT,"VAN GODEWIJCKSTRAAT 30, 3311 GZ DORDRECHT, NETHERLANDS"
ROUTLEDGE JOURNALS,ROUTLEDGE JOURNALS,ABINGDON,"2-4 PARK SQUARE, MILTON PARK, ABINGDON OX14 4RN, OXON, ENGLAND"
 TAYLOR & FRANCIS LTD, TAYLOR & FRANCIS LTD,ABINGDON,"2-4 PARK SQUARE, MILTON PARK, ABINGDON OX14 4RN, OXON, ENGLAND"
BIOMED CENTRAL LTD,BIOMED CENTRAL LTD,LONDON,"236 GRAYS INN RD, FLOOR 6, LONDON WC1X 8HL, ENGLAND"
SAGE PUBLICATIONS LTD,SAGE PUBLICATIONS LTD,LONDON,"1 OLIVERS YARD, 55 CITY ROAD, LONDON EC1Y 1SP, ENGLAND"
SPRINGER,SPRINGER,NEW YORK,"233 SPRING ST, NEW YORK, NY 10013 USA"
NATSIONALNO IZDATELSTVO AZ BUKI,NATSIONALNO IZDATELSTVO AZ BUKI,SOFIA,"BUL TSARIGRADSKO SHOSE, 125, BL 5, SOFIA, 1113, BULGARIA"
SVEUCILISTE & ZAGREBU,SVEUCILISTE & ZAGREBU,ZAGREB,"LEPUSICEVA 6, ZAGREB, 10000, CROATIA"
 FAK POLITICKIH ZNANOSTI, FAK POLITICKIH ZNANOSTI,ZAGREB,"LEPUSICEVA 6, ZAGREB, 10000, CROATIA"
UNESCO,UNESCO,MOSCOW,"15-28 BOLSHOI LEVSHINSKY PER, BLD 2, MOSCOW, 119034, RUSSIA"
 MOSCOW OFFICE, MOSCOW OFFICE,MOSCOW,"15-28 BOLSHOI LEVSHINSKY PER, BLD 2, MOSCOW, 119034, RUSSIA"
UITGEVERIJ BOOM BV,UITGEVERIJ BOOM BV,AMSTERDAM,"PRINSENGRACHT 747-751, AMSTERDAM, 1017 JX, NETHERLANDS"
SOUTH UKRAINIAN NATL UNIV K D USHYNSKY,SOUTH UKRAINIAN NATL UNIV K D USHYNSKY,ODESSA,"VUL STAROPORTOFRANKIVSKA, 26, ODESSA, 65000, UKRAINE"
MASARYKOVA UNIV,MASARYKOVA UNIV,BRNO,"JOSTOVA 10, BRNO, 602 00, CZECH REPUBLIC"
 FAC SOCIAL STUDIES, FAC SOCIAL STUDIES,BRNO,"JOSTOVA 10, BRNO, 602 00, CZECH REPUBLIC"
MAGNANIMITAS,MAGNANIMITAS,HRADEC KRALOVE,"CESKOSLOVENSKE ARMADY 300, HRADEC KRALOVE, 500 03, CZECH REPUBLIC"
UNIV CORDOBA,UNIV CORDOBA,CORDOBA,"AVDA SAN ALBERTO MAGNO S-N, CORDOBA, 14071, SPAIN"
 FAC CIENCIAS EDUCACION, FAC CIENCIAS EDUCACION,CORDOBA,"AVDA SAN ALBERTO MAGNO S-N, CORDOBA, 14071, SPAIN"
KRSCANSKI AKAD KRUG,KRSCANSKI AKAD KRUG,ZAGREB,"JAGODNJAK 17, ZAGREB, 10000, CROATIA"
BRILL ACADEMIC PUBLISHERS,BRILL ACADEMIC PUBLISHERS,LEIDEN,"PLANTIJNSTRAAT 2, P O BOX 9000, 2300 PA LEIDEN, NETHERLANDS"
CANADIAN JOURNAL COMMUNICATION,CANADIAN JOURNAL COMMUNICATION,VANCOUVER,"C/O SIMON FRASER UNIV, 515 WEST HASTINGS ST, VANCOUVER, BC V6B 5K3,;   CANADA"
INDIAN ASSOC CHILD & ADOLESCENT MENTAL HEALTH,INDIAN ASSOC CHILD & ADOLESCENT MENTAL HEALTH,LUCKNOW,"C/O VIVEK AGARWAL, EDITOR, B-1, 10-69, SECTOR K, ALIGANJ, LUCKNOW, 226;   024, INDIA"
AMER FOUNDATION BLIND,AMER FOUNDATION BLIND,NEW YORK,"J VISUAL IMPAIRMENT BLINDNESS 2 PENN PLAZA, SUITE 1102, NEW YORK, NY;   10121 USA"
WILEY-BLACKWELL,WILEY-BLACKWELL,HOBOKEN,"111 RIVER ST, HOBOKEN 07030-5774, NJ USA"
ELSEVIER SCIENCE INC,ELSEVIER SCIENCE INC,NEW YORK,"360 PARK AVE SOUTH, NEW YORK, NY 10010-1710 USA"
TECNOSCIENZA,TECNOSCIENZA,PADUA,"C/O STS ITALIA, DIPT SOCIOLOGIA, PADUA, 35123, ITALY"
EDAM,EDAM,ISTANBUL,"KISIKLI MH ALEMDAG CD YAN YOL SK, SBK IS MERKEZI NO 5, KAT 1 USKUDAR,;   ISTANBUL, 81190, TURKEY"
WALTER DE GRUYTER GMBH,WALTER DE GRUYTER GMBH,BERLIN,"GENTHINER STRASSE 13, D-10785 BERLIN, GERMANY"
ACAD ORGANISATION ENVIRONMENTAL ENGINEERING & SUSTAINABLE DEV,ACAD ORGANISATION ENVIRONMENTAL ENGINEERING & SUSTAINABLE DEV,IASI,"MANGERON BLVD NO 71A, PO 10, BOX 2111, IASI, 700050, ROMANIA"
ALCOHOL RES DOCUMENTATION INC CENT ALCOHOL STUD RUTGERS UNIV,ALCOHOL RES DOCUMENTATION INC CENT ALCOHOL STUD RUTGERS UNIV,PISCATAWAY,"C/O DEIRDRE ENGLISH, 607 ALLISON RD, PISCATAWAY, NJ 08854-8001 USA"
GRUPO COMUNICAR,GRUPO COMUNICAR,HUELVA,"APDO CORREOS 527, HUELVA, 21080, SPAIN"
ROUTLEDGE JOURNALS,ROUTLEDGE JOURNALS,ABINGDON,"4 PARK SQUARE, MILTON PARK, ABINGDON OX14 4RN, OXFORDSHIRE, ENGLAND"
 TAYLOR & FRANCIS LTD, TAYLOR & FRANCIS LTD,ABINGDON,"4 PARK SQUARE, MILTON PARK, ABINGDON OX14 4RN, OXFORDSHIRE, ENGLAND"
SPRINGER HEIDELBERG,SPRINGER HEIDELBERG,HEIDELBERG,"TIERGARTENSTRASSE 17, D-69121 HEIDELBERG, GERMANY"
SPRINGER/PLENUM PUBLISHERS,SPRINGER/PLENUM PUBLISHERS,NEW YORK,"233 SPRING ST, NEW YORK, NY 10013 USA"
UNIV NAC CENTRO PROVINCIA BUENOS AIRES,UNIV NAC CENTRO PROVINCIA BUENOS AIRES,TANDIL,"CAMPUS UNIV, PARAJE ARROYO SECO S N, TANDIL, 7000, ARGENTINA"
FUNDACION IS&D INVESTIGACION SOCIAL AVANZADA,FUNDACION IS&D INVESTIGACION SOCIAL AVANZADA,LAS MATAS,"CALLE ZALAMEA 1, LAS MATAS, 00000, SPAIN"
ELSEVIER SCI LTD,ELSEVIER SCI LTD,OXFORD,"THE BOULEVARD, LANGFORD LANE, KIDLINGTON, OXFORD OX5 1GB, OXON, ENGLAND"
ACAD CONFERENCES & PUBL INT LTD,ACAD CONFERENCES & PUBL INT LTD,NR READING,"CURTIS FARM, KIDMORE END, NR READING, RG4 9AY, ENGLAND"
CUKUROVA UNIV,CUKUROVA UNIV,ADANA,"BALCALI CAMPUS, ADANA, 01330, TURKEY"
WYDAWNICTWO UNIWERSYTETU WROCLAWSKIEGO,WYDAWNICTWO UNIWERSYTETU WROCLAWSKIEGO,WROCLAW,"PL. UNIWERSYTECKI 15, WROCLAW, 50-137, POLAND"
ISTANBUL UNIV,ISTANBUL UNIV,ISTANBUL,"ISTANBUL UNIV, RESEARCH INST TURKOLOGY, DEPT ART HISTORY, ISTANBUL,;   00000, TURKEY"
 RESEARCH INST TURKOLOGY, RESEARCH INST TURKOLOGY,ISTANBUL,"ISTANBUL UNIV, RESEARCH INST TURKOLOGY, DEPT ART HISTORY, ISTANBUL,;   00000, TURKEY"
 DEPT ART HISTORY, DEPT ART HISTORY,ISTANBUL,"ISTANBUL UNIV, RESEARCH INST TURKOLOGY, DEPT ART HISTORY, ISTANBUL,;   00000, TURKEY"
NATL UNIV MALAYSIA,NATL UNIV MALAYSIA,SELANGOR,"UKM BANGI, SELANGOR, 43600, MALAYSIA"
 FAC SOCIAL SCIENCES & HUMANITIES, FAC SOCIAL SCIENCES & HUMANITIES,SELANGOR,"UKM BANGI, SELANGOR, 43600, MALAYSIA"
UNIV GRANADA,UNIV GRANADA,GRANADA,"FUENTENUEVA S-N, GRANADA, 18071, SPAIN"
 GRUPO INVESTIGACION FORCE, GRUPO INVESTIGACION FORCE,GRANADA,"FUENTENUEVA S-N, GRANADA, 18071, SPAIN"
LABORATORIO TECNOLOGIAS INFORMACION & NUEVOS ANALISIS COMUNICACION;   SOCIAL,LABORATORIO TECNOLOGIAS INFORMACION & NUEVOS ANALISIS COMUNICACION;   SOCIAL,TENERIFE,"PIRAMIDE CAMPUS GUAJARA, LA LAGUNA, TENERIFE, 38200, SPAIN"
ACAD PUBLISHER HOUSE RESEARCHER,ACAD PUBLISHER HOUSE RESEARCHER,SOCHI,"UL KONSTITUTSLI, DOM 26-2 OFIS 6, SOCHI, 354000, RUSSIA"
PENERBIT UNIV SAINS MALAYSIA,PENERBIT UNIV SAINS MALAYSIA,PULAU PINANG,"PENERBIT UNIVERSITI SAINS MALAYSIA, PULAU PINANG, PINANG 11800, MALAYSIA"
EMERALD GROUP PUBLISHING LTD,EMERALD GROUP PUBLISHING LTD,BINGLEY,"HOWARD HOUSE, WAGON LANE, BINGLEY BD16 1WA, W YORKSHIRE, ENGLAND"
USC ANNENBERG PRESS,USC ANNENBERG PRESS,LOS ANGELES,"UNIV SOUTHERN CALIFORNIA, KERCKHOFF HALL, 734 W ADAMS BLVD, MC7725, LOS;   ANGELES, CA 90089 USA"
ANI YAYINCILIK,ANI YAYINCILIK,BAKANLIKLAR,"KIZILIRMAK SOK NO 10-A, BAKANLIKLAR, ANKARA 00000, TURKEY"
KARGER,KARGER,BASEL,"ALLSCHWILERSTRASSE 10, CH-4009 BASEL, SWITZERLAND"
SOC ANTHROPOLOGIE CONNAISSANCES,SOC ANTHROPOLOGIE CONNAISSANCES,"MARNE LA VALLEE, CEDEX 02","C/O MARC BARBIER, UNIV PARIS MARNE VALEE, CITE DESCARTES CHAMPS MARNE,;   MARNE LA VALLEE, CEDEX 02, 77 454, FRANCE"
UNIV CALGARY PRESS,UNIV CALGARY PRESS,CALGARY,"2500 UNIVERSITY DR NW, CALGARY, ALBERTA T2N 1N4, CANADA"
UNIV EXTREMADURA,UNIV EXTREMADURA,BADAJOZ,"AV ELVAS S-N, BADAJOZ, 06071, SPAIN"
 FAC EDUCACION, FAC EDUCACION,BADAJOZ,"AV ELVAS S-N, BADAJOZ, 06071, SPAIN"
EDICIONES UNIV SALAMANCA,EDICIONES UNIV SALAMANCA,SALAMANCA,"APARTADO DE CORREOS 325, SALAMANCA, 00000, SPAIN"
GRAZ UNIV TECHNOLGOY,GRAZ UNIV TECHNOLGOY,GRAZ,"INFFELDGASSE 16C, GRAZ, A-8010, AUSTRIA"
 INST INFORMATION SYSTEMS COMPUTER MEDIA-IICM, INST INFORMATION SYSTEMS COMPUTER MEDIA-IICM,GRAZ,"INFFELDGASSE 16C, GRAZ, A-8010, AUSTRIA"
TAYLOR & FRANCIS LTD,TAYLOR & FRANCIS LTD,ABINGDON,"4 PARK SQUARE, MILTON PARK, ABINGDON OX14 4RN, OXON, ENGLAND"
LIPPINCOTT WILLIAMS & WILKINS,LIPPINCOTT WILLIAMS & WILKINS,PHILADELPHIA,"TWO COMMERCE SQ, 2001 MARKET ST, PHILADELPHIA, PA 19103 USA"
UNIV PUTRA MALAYSIA PRESS,UNIV PUTRA MALAYSIA PRESS,SELANGOR,"SERDANG, SELANGOR, 00000, MALAYSIA"
INDIANA UNIV PRESS,INDIANA UNIV PRESS,BLOOMINGTON,"601 N MORTON STREET, BLOOMINGTON, IN 47404-3797 USA"
SPRINGER INTERNATIONAL PUBLISHING AG,SPRINGER INTERNATIONAL PUBLISHING AG,CHAM,"GEWERBESTRASSE 11, CHAM, CH-6330, SWITZERLAND"
OXFORD UNIV PRESS INC,OXFORD UNIV PRESS INC,CARY,"JOURNALS DEPT, 2001 EVANS RD, CARY, NC 27513 USA"
UNIV FEDERAL MINAS GERAIS,UNIV FEDERAL MINAS GERAIS,BELO HORIZONTE,"CENTRO, CAIXA POSTAL 1606, BELO HORIZONTE, MG 30161-970, BRAZIL"
 ESCOLA BIBLIOTECONOMIA, ESCOLA BIBLIOTECONOMIA,BELO HORIZONTE,"CENTRO, CAIXA POSTAL 1606, BELO HORIZONTE, MG 30161-970, BRAZIL"
DIPUTACION PROVINCIAL PONTEVEDRA,DIPUTACION PROVINCIAL PONTEVEDRA,PONTEVEDRA,"AVE MONTE RIOS, S-N, PONTEVEDRA, 36071, SPAIN"
UNIV GEORGIA,UNIV GEORGIA,ATHENS,"427 TUCKER HALL, ATHENS, GA 30602 USA"
 COLL EDUCATION, COLL EDUCATION,ATHENS,"427 TUCKER HALL, ATHENS, GA 30602 USA"
UNIV ILLINOIS PRESS,UNIV ILLINOIS PRESS,CHAMPAIGN,"1325 S OAK ST, CHAMPAIGN, IL 61820-6903 USA"
UNIV SABANA,UNIV SABANA,CUNDINAMARCA,"CAMPUS PUENTE COMUN, KM 7, AUTOPISTA NORTE BOGOTA CHIA, CUNDINAMARCA,;   00000, COLOMBIA"
 FAC COMUNICACION, FAC COMUNICACION,CUNDINAMARCA,"CAMPUS PUENTE COMUN, KM 7, AUTOPISTA NORTE BOGOTA CHIA, CUNDINAMARCA,;   00000, COLOMBIA"
UNIV ESTADUAL PAULISTA JULIO MESQUITA FILHO,UNIV ESTADUAL PAULISTA JULIO MESQUITA FILHO,BAURU,"CAMPUS DE BAURU, BAURU, 00000, BRAZIL"
  FAC ARQUITETURA ARTES &;   COMUN,  FAC ARQUITETURA ARTES &;   COMUN,BAURU,"CAMPUS DE BAURU, BAURU, 00000, BRAZIL"
UNIV BRITISH COLUMBIA,UNIV BRITISH COLUMBIA,VANCOUVER,"2125 MAIN MALL, VANCOUVER, BC V6T 1Z4, CANADA"
 FAC EDUCATION, FAC EDUCATION,VANCOUVER,"2125 MAIN MALL, VANCOUVER, BC V6T 1Z4, CANADA"
ASOC IBEROAMERICANA EDUCACION SUPERIOR DISTANCIA,ASOC IBEROAMERICANA EDUCACION SUPERIOR DISTANCIA,MADRID,"UNED, FAC EDUC, C/ JUAN DEL ROSAI, 14, MADRID, 28040, SPAIN"
UNIV PERUANA CIENCIAS APLICADAS,UNIV PERUANA CIENCIAS APLICADAS,LIMA,"PROLONGACION PRIMAVERA 2390, MONTERRICO, LIMA, 00000, PERU"
CORWIN PRESS INC A SAGE PUBLICATIONS CO,CORWIN PRESS INC A SAGE PUBLICATIONS CO,THOUSAND OAKS,"2455 TELLER RD, THOUSAND OAKS, CA 91320 USA"
DINBILIMLERI AKAD ARASTIRMA MERKEZI,DINBILIMLERI AKAD ARASTIRMA MERKEZI,SAMSUN,"ONDOKUZ MAYIS UNIV, ILAHIYAT FAK, SAMSUN, 00000, TURKEY"
JOHN BENJAMINS PUBLISHING CO,JOHN BENJAMINS PUBLISHING CO,AMSTERDAM,"PO BOX 36224, 1020 ME AMSTERDAM, NETHERLANDS"
TRIPLEC,TRIPLEC,NORTHWICK PARK,"WATFORD RD, NORTHWICK PARK, HA1 3TP, ENGLAND"
UNIV REY JUAN CARLOS,UNIV REY JUAN CARLOS,MADRID,"CAMINO DEL MOLINO S-N, FUENLABRADA, MADRID, 28943, SPAIN"
 FAC CIENCIAS COMUNICACION, FAC CIENCIAS COMUNICACION,MADRID,"CAMINO DEL MOLINO S-N, FUENLABRADA, MADRID, 28943, SPAIN"
UNIV ALICANTE,UNIV ALICANTE,ALICANTE,"CARRETERA SAN VICENTE RASPEIG, SAN VICENTE DEL RASPEIG, ALICANTE, 03690,;   SPAIN"
 GRUPO INVESTIGACION EDUTIC-ADEI, GRUPO INVESTIGACION EDUTIC-ADEI,ALICANTE,"CARRETERA SAN VICENTE RASPEIG, SAN VICENTE DEL RASPEIG, ALICANTE, 03690,;   SPAIN"
JMIR PUBLICATIONS,JMIR PUBLICATIONS,TORONTO,"59 WINNERS CIRCLE, TORONTO, ON M4L 3Y7, CANADA"
 INC, INC,TORONTO,"59 WINNERS CIRCLE, TORONTO, ON M4L 3Y7, CANADA"
UNIV FEDERAL CAMPINA GRANDE,UNIV FEDERAL CAMPINA GRANDE,CAMPINA GRANDE PB,"RUA APRIGIO VELOSO 882, BODO CONGO, CAMPINA GRANDE PB, 58109 090, BRAZIL"
LIPPINCOTT WILLIAMS & WILKINS,LIPPINCOTT WILLIAMS & WILKINS,PHILADELPHIA,"530 WALNUT ST, PHILADELPHIA, PA 19106-3621 USA"
COGITATIO PRESS,COGITATIO PRESS,LISBON,"RUA FIALHO ALMEIDA 14, 2 ESQ, LISBON, 1070-129, PORTUGAL"
INST EUROPEO COMUNICACION & DESARROLLO,INST EUROPEO COMUNICACION & DESARROLLO,SEVILLA,"INST EUROPEO COMUNICACION & DESARROLLO, SEVILLA, 00000, SPAIN"
DE GRUYTER MOUTON,DE GRUYTER MOUTON,BERLIN,"GENTHINER STRASSE 13, 10785 BERLIN, GERMANY"
MARY ANN LIEBERT,MARY ANN LIEBERT,NEW ROCHELLE,"140 HUGUENOT STREET, 3RD FL, NEW ROCHELLE, NY 10801 USA"
 INC, INC,NEW ROCHELLE,"140 HUGUENOT STREET, 3RD FL, NEW ROCHELLE, NY 10801 USA"
BMJ PUBLISHING GROUP,BMJ PUBLISHING GROUP,LONDON,"BRITISH MED ASSOC HOUSE, TAVISTOCK SQUARE, LONDON WC1H 9JR, ENGLAND"
INFORMA HEALTHCARE,INFORMA HEALTHCARE,NEW YORK,"52 VANDERBILT AVE, NEW YORK, NY 10017 USA"
EPI,EPI,BARCELONA,"APARTADO 32 280, BARCELONA, 08080, SPAIN"
UNIV COMPLUTENSE MADRID,UNIV COMPLUTENSE MADRID,MADRID,"CIUDAD UNIV, OBISPO TREJO 3, MADRID, 28040, SPAIN"
 SERVICIO PUBLICACIONES, SERVICIO PUBLICACIONES,MADRID,"CIUDAD UNIV, OBISPO TREJO 3, MADRID, 28040, SPAIN"
NOVOE LITERATURNOE OBOZRENIE-NEW LITERARY OBSERVER,NOVOE LITERATURNOE OBOZRENIE-NEW LITERARY OBSERVER,MOSCOW,"13-1 TVERSKOY BOULEVARD, MOSCOW, 123104, RUSSIA"
R E S N A PRESS,R E S N A PRESS,ARLINGTON,"1700 MOORE ST, STE 1540, ARLINGTON, VA 22209-1903 USA"
LOGOS,LOGOS,VILNIUS,"LAISVES PR 60, VILNIUS, LT-05120, LITHUANIA"
KAMLA-RAJ ENTERPRISES,KAMLA-RAJ ENTERPRISES,DELHI,"2273, GALI BARI PAHARWALI, CHAWRI BAZAR, DELHI, 00000, INDIA"
IEEE COMPUTER SOC,IEEE COMPUTER SOC,PALMERSTON NORTH,"BAG 11-222, MASSEY UNIVERSITY, PALMERSTON NORTH, NEW ZEALAND"
 LEARNING  TECHNOLOGY TASK FORCE, LEARNING  TECHNOLOGY TASK FORCE,PALMERSTON NORTH,"BAG 11-222, MASSEY UNIVERSITY, PALMERSTON NORTH, NEW ZEALAND"
GALLAUDET UNIV PRESS,GALLAUDET UNIV PRESS,WASHINGTON,"800 FLORIDA AVE NE, WASHINGTON, DC 20002 USA"
PURDUE UNIV PRESS,PURDUE UNIV PRESS,W LAFAYETTE,"1207 SOUTH CAMPUS COURTS-E, W LAFAYETTE, IN 47907-1207 USA"
AMER JOURNAL HEALTH PROMOTION INC,AMER JOURNAL HEALTH PROMOTION INC,TROY,"PO BOX 1254, TROY, MI 48099-1254 USA"
EUROPEAN INST COMMUNICATION CULTURE,EUROPEAN INST COMMUNICATION CULTURE,LJUBLJANA,"PO BOX 2511, LJUBLJANA 1001, SLOVENIA"
TAYLOR & FRANCIS INC,TAYLOR & FRANCIS INC,PHILADELPHIA,"325 CHESTNUT ST, SUITE 800, PHILADELPHIA, PA 19106 USA"
AMER LIBRARY ASSOC,AMER LIBRARY ASSOC,CHICAGO,"50 E HURON ST, CHICAGO, IL 60611 USA"
UNIV TORONTO PRESS INC,UNIV TORONTO PRESS INC,TORONTO,"JOURNALS DIVISION, 5201 DUFFERIN ST, DOWNSVIEW, TORONTO, ON M3H 5T8,;   CANADA"
VANDENHOECK & RUPRECHT,VANDENHOECK & RUPRECHT,GOTTINGEN,"THEATERSTRASSE 13,, D-37073 GOTTINGEN, GERMANY"
CAMBRIDGE UNIV PRESS,CAMBRIDGE UNIV PRESS,CAMBRIDGE,"EDINBURGH BLDG, SHAFTESBURY RD, CB2 8RU CAMBRIDGE, ENGLAND"
AMER METEOROLOGICAL SOC,AMER METEOROLOGICAL SOC,BOSTON,"45 BEACON ST, BOSTON, MA 02108-3693 USA"
PHI DELTA KAPPA,PHI DELTA KAPPA,BLOOMINGTON,"8TH AND UNION P O BOX 789, BLOOMINGTON, IN 47402 USA"
NATL ASSOC BIOLOGY TEACHERS INC,NATL ASSOC BIOLOGY TEACHERS INC,RESTON,"12030 SUNRISE VALLEY DR, #110, RESTON, VA 20191 USA"
SILA SCIENCE,SILA SCIENCE,TRABZON,"UNIV MAH,MEKAN SOK NO 24, TRABZON, 00000, TURKEY"
UNIV QUEENSLAND PRESS,UNIV QUEENSLAND PRESS,ST LUCIA,"PO BOX 42, ST LUCIA, QUEENSLAND 4067, AUSTRALIA"
HOGREFE & HUBER PUBLISHERS,HOGREFE & HUBER PUBLISHERS,GOTTINGEN,"ROHNSWEG 25, D-37085 GOTTINGEN, GERMANY"
JUVENTA VERLAG GMBH,JUVENTA VERLAG GMBH,WEINHEIM,"EHRETSTR 3, WEINHEIM, 69469, GERMANY"
DE LA SALLE UNIV-MANILA,DE LA SALLE UNIV-MANILA,MANILA,"2401 TAFT AVE, MANILA, 1004, PHILIPPINES"
WILEY-BLACKWELL,WILEY-BLACKWELL,MALDEN,"COMMERCE PLACE, 350 MAIN ST, MALDEN 02148, MA USA"
JOHNS HOPKINS UNIV PRESS,JOHNS HOPKINS UNIV PRESS,BALTIMORE,"JOURNALS PUBLISHING DIVISION, 2715 NORTH CHARLES ST, BALTIMORE, MD;   21218-4363 USA"
UNIV WAIKATO,UNIV WAIKATO,HAMILTON,"SCH EDUCATION, PRIVATE BAG 3105, HAMILTON, 00000, NEW ZEALAND"
AUSTRALIAN LIBRARY & INFORMATION ASSOC LTD,AUSTRALIAN LIBRARY & INFORMATION ASSOC LTD,KINGSTON,"PO BOX 6335, KINGSTON, ACT 2604, AUSTRALIA"
INT READING ASSOC,INT READING ASSOC,NEWARK,"800 BARKSDALE RD P O BOX 8139, NEWARK, DE 19714 USA"
TURKISH ONLINE JOURNAL EDUCATIONAL TECH-TOJET,TURKISH ONLINE JOURNAL EDUCATIONAL TECH-TOJET,SAKARYA,"SAKARYA UNIV, ESENTEPE KAMPUSU, SAKARYA, 54187, TURKEY"
ELSEVIER ACADEMIC PRESS INC,ELSEVIER ACADEMIC PRESS INC,SAN DIEGO,"525 B STREET, SUITE 1900, SAN DIEGO, CA 92101-4495 USA"
UNIV NACIONAL EDUCACION DISTANCIA,UNIV NACIONAL EDUCACION DISTANCIA,MADRID,"PO SENDA REY,BRAVO MURILLO 38, MADRID, 7-28040, SPAIN"
WILEY-BLACKWELL PUBLISHING,WILEY-BLACKWELL PUBLISHING,MALDEN,"COMMERCE PLACE, 350 MAIN ST, MALDEN 02148, MA USA"
 INC, INC,MALDEN,"COMMERCE PLACE, 350 MAIN ST, MALDEN 02148, MA USA"
NORTHWESTERN UNIV PRESS,NORTHWESTERN UNIV PRESS,EVANSTON,"629  NOYES STREET, EVANSTON, IL 60208 USA"
ASSOC EDUC JOURNALISM MASS COMMUNICATION,ASSOC EDUC JOURNALISM MASS COMMUNICATION,COLUMBIA,"UNIV SOUTH CAROLINA COLLEGE OF JOURNALISM, COLUMBIA, SC 29208 USA"
AMER ACAD PEDIATRICS,AMER ACAD PEDIATRICS,ELK GROVE VILLAGE,"141 NORTH-WEST POINT BLVD,, ELK GROVE VILLAGE, IL 60007-1098 USA"
ACADEMIC PRESS INC ELSEVIER SCIENCE,ACADEMIC PRESS INC ELSEVIER SCIENCE,SAN DIEGO,"525 B ST, STE 1900, SAN DIEGO, CA 92101-4495 USA"
EMERALD GROUP PUBLISHING LIMITED,EMERALD GROUP PUBLISHING LIMITED,BINGLEY,"HOWARD HOUSE, WAGON LANE, BINGLEY BD16 1WA, W YORKSHIRE, ENGLAND"
ONLINE INC,ONLINE INC,WILTON,"213 DANBURY RD, WILTON, CT 06897-4007 USA"
PNG PUBLICATIONS,PNG PUBLICATIONS,STAR CITY,"PO BOX 4593, STAR CITY, WV 26504-4593 USA"
ASSOC SUPERVISION CURRICULUM DEVELOPMENT,ASSOC SUPERVISION CURRICULUM DEVELOPMENT,ALEXANDRIA,"1703 N BEAUREGARD ST, ALEXANDRIA, VA 22311-1717 USA"
DRUSTVO PEDAGOSKIH DELAVCEV DOLENJSKE,DRUSTVO PEDAGOSKIH DELAVCEV DOLENJSKE,NOVO MESTO,"NA LOKO 2, PP 124, NOVO MESTO, 8000, SLOVENIA"
AATE-AUSTRALIAN ASSOC TEACHING ENGLISH,AATE-AUSTRALIAN ASSOC TEACHING ENGLISH,NORWOOD,"PO BOX 3203, NORWOOD, SA 5067, AUSTRALIA"
HACETTEPE UNIV,HACETTEPE UNIV,ANKARA,"HACETTEPE UNIV, ANKARA, 6532, TURKEY"
JOHN BENJAMINS PUBLISHING COMPANY,JOHN BENJAMINS PUBLISHING COMPANY,AMSTERDAM,"PO BOX 36224, 1020 ME AMSTERDAM, NETHERLANDS"
LAWRENCE ERLBAUM ASSOC INC-TAYLOR & FRANCIS,LAWRENCE ERLBAUM ASSOC INC-TAYLOR & FRANCIS,PHILADELPHIA,"325 CHESTNUT STREET, STE 800, PHILADELPHIA, PA 19106 USA"
AMER PSYCHOLOGICAL ASSOC,AMER PSYCHOLOGICAL ASSOC,WASHINGTON,"750 FIRST ST NE, WASHINGTON, DC 20002-4242 USA"
BLACKWELL PUBLISHING,BLACKWELL PUBLISHING,OXFORD,"9600 GARSINGTON RD, OXFORD OX4 2DQ, OXON, ENGLAND"
OHIO STATE UNIV,OHIO STATE UNIV,COLUMBUS,"341 RAMSEYER HALL, 29 W WOODRUFF AVE, COLUMBUS, OH 43210-1177 USA"
 COLLEGE EDUCATION, COLLEGE EDUCATION,COLUMBUS,"341 RAMSEYER HALL, 29 W WOODRUFF AVE, COLUMBUS, OH 43210-1177 USA"
AMER FOUNDATION BLIND,AMER FOUNDATION BLIND,NEW YORK,"J VISUAL IMPAIRMENT BLINDNESS 11 PENN PLAZA SUITE 300, NEW YORK, NY;   10001 USA"
UNIV COMPLUTENSE MADRID,UNIV COMPLUTENSE MADRID,MADRID,"DEP FILOLOGIA ESPANOLA, FAC CIENC INFORM, CIUDAD UNIV, OBISPO TREJO 2,;   MADRID, 28040, SPAIN"
 SERVICIO PUBLICACIONES, SERVICIO PUBLICACIONES,MADRID,"DEP FILOLOGIA ESPANOLA, FAC CIENC INFORM, CIUDAD UNIV, OBISPO TREJO 2,;   MADRID, 28040, SPAIN"
INFONIA,INFONIA,BUDAPEST,"MUEGYETEM RKP 9 II EMELET 210, BUDAPEST, 1111, HUNGARY"
WALTER DE GRUYTER & CO,WALTER DE GRUYTER & CO,BERLIN,"GENTHINER STRASSE 13, D-10785 BERLIN, GERMANY"
CAMBRIDGE UNIV PRESS,CAMBRIDGE UNIV PRESS,NEW YORK,"32 AVENUE OF THE AMERICAS, NEW YORK, NY 10013-2473 USA"
M E SHARPE INC,M E SHARPE INC,ARMONK,"80 BUSINESS PARK DR, ARMONK, NY 10504 USA"
BRITISH PSYCHOLOGICAL SOC,BRITISH PSYCHOLOGICAL SOC,LEICESTER,"ST ANDREWS HOUSE, 48 PRINCESS RD EAST, LEICESTER LE1 7DR, LEICS, ENGLAND"
LINGUISTIC SOC AMER,LINGUISTIC SOC AMER,WASHINGTON,"1325 18TH ST NW, SUITE 211, WASHINGTON, DC 20036-6501 USA"
ASSOC COLL RESEARCH LIBRARIES,ASSOC COLL RESEARCH LIBRARIES,CHICAGO,"50 E HURON ST, CHICAGO, IL 60611 USA"
JOHN WILEY & SONS INC,JOHN WILEY & SONS INC,HOBOKEN,"111 RIVER ST, HOBOKEN, NJ 07030 USA"
UNIV HAWAII,UNIV HAWAII,HONOLULU,"1859 EAST WEST RD, 106, HONOLULU, HI 96822 USA"
 NATL FOREIGN LANGUAGE RESOURCE CENTER, NATL FOREIGN LANGUAGE RESOURCE CENTER,HONOLULU,"1859 EAST WEST RD, 106, HONOLULU, HI 96822 USA"
AMER ACAD PEDIATRIC DENTISTRY,AMER ACAD PEDIATRIC DENTISTRY,CHICAGO,"211 E CHICAGO AVENUE SUITE 1036, CHICAGO, IL 60611-2616 USA"
AMER MEDICAL ASSOC,AMER MEDICAL ASSOC,CHICAGO,"515 N STATE ST, CHICAGO, IL 60610-0946 USA"
GENETICS SOC JAPAN,GENETICS SOC JAPAN,SHIZUOKA-KEN,"NATIONAL INST GENETICS YATA 1111, MISHIMA, SHIZUOKA-KEN, 411-8540, JAPAN"
EMERALD GROUP PUBLISHING LIMITED,EMERALD GROUP PUBLISHING LIMITED,BRADFORD,"60/62 TOLLER LANE, BRADFORD BD8 9BY, W YORKSHIRE, ENGLAND"
LIPPINCOTT WILLIAMS & WILKINS,LIPPINCOTT WILLIAMS & WILKINS,PHILADELPHIA,"530 WALNUT ST, PHILADELPHIA, PA 19106-3261 USA"
WORLD ADVERTISING RESEARCH CENTER,WORLD ADVERTISING RESEARCH CENTER,OXON,"FARM RD, HENLEY-ON-THAMES, OXON, OXFORDSHIRE RG9 1EJ, ENGLAND"
W B SAUNDERS CO,W B SAUNDERS CO,PHILADELPHIA,"INDEPENDENCE SQUARE WEST CURTIS CENTER, STE 300, PHILADELPHIA, PA;   19106-3399 USA"
ASSN EDUC JOURNALISM MASS COMMUNICATION,ASSN EDUC JOURNALISM MASS COMMUNICATION,COLUMBIA,"UNIV SOUTH CAROLINA COLLEGE OF JOURNALISM, COLUMBIA, SC 29208 USA"
DIETITIANS CANADA,DIETITIANS CANADA,TORONTO,"480 UNIV AVE, SUITE 604, TORONTO, ONTARIO M5G 1V2, CANADA"
SPRINGER-VERLAG BERLIN,SPRINGER-VERLAG BERLIN,BERLIN,"HEIDELBERGER PLATZ 3, D-14197 BERLIN, GERMANY"
LAWRENCE ERLBAUM ASSOC INC,LAWRENCE ERLBAUM ASSOC INC,MAHWAH,"10 INDUSTRIAL AVE, MAHWAH, NJ 07430-2262 USA"
NATL READING CONFERENCE INC,NATL READING CONFERENCE INC,CHICAGO,"200 NORTH MICHIGAN AVE, CHICAGO, IL 60602 USA"
BLACKWELL PUBL LTD,BLACKWELL PUBL LTD,OXFORD,"108 COWLEY RD, OXFORD OX4 1JF, OXON, ENGLAND"
NATL COUNCIL TEACHERS ENGLISH,NATL COUNCIL TEACHERS ENGLISH,URBANA,"1111 KENYON RD, URBANA, IL 61801 USA"
AMER ANTHROPOLOGICAL ASSOC,AMER ANTHROPOLOGICAL ASSOC,ARLINGTON,"4350 NORTH FAIRFAX DRIVE SUITE 640, ARLINGTON, VA 22203 USA"
NATL ACAD TELEVISION ARTS SCIENCES,NATL ACAD TELEVISION ARTS SCIENCES,NEW YORK,"111 W 57TH ST, #1020, NEW YORK, NY 10019 USA"
AMER DIETETIC ASSOC,AMER DIETETIC ASSOC,CHICAGO,"216 W JACKSON BLVD #800, CHICAGO, IL 60606-6995 USA"
UNIV ILLINOIS PRESS,UNIV ILLINOIS PRESS,CHAMPAIGN,"1325 S OAK ST, CHAMPAIGN, IL 61820 USA"
AUSTRALASIAN MED PUBL CO LTD,AUSTRALASIAN MED PUBL CO LTD,SYDNEY,"LEVEL 1, 76 BERRY ST, SYDNEY, NSW 2060, AUSTRALIA"
NATL ASSOC EDUC YOUNG CHILDREN,NATL ASSOC EDUC YOUNG CHILDREN,WASHINGTON,"1509 16TH ST., N.W., WASHINGTON, DC 20036-1426 USA"
AMER SCHOOL HEALTH ASSOC,AMER SCHOOL HEALTH ASSOC,KENT,"PO BOX 708, KENT, OH 44240 USA"
CANADIAN MODERN LANGUAGE REV,CANADIAN MODERN LANGUAGE REV,N YORK,"UNIV TORONTO PRESS, JOURNALS DIVISION, 5201 DUFFERIN ST,, N YORK,;   ONTARIO M3H 5T8, CANADA"
BRUNNER/MAZEL INC,BRUNNER/MAZEL INC,BRISTOL,"1900 FROST RD, STE 101, BRISTOL, PA 19007-1598 USA"
SAGE PUBLICATIONS LTD,SAGE PUBLICATIONS LTD,LONDON,"6 BONHILL STREET, LONDON EC2A 4PU, ENGLAND"
BROADCAST EDUC ASSOC,BROADCAST EDUC ASSOC,WASHINGTON,"1771 N STREET NW, WASHINGTON, DC 20036 USA"
HELDREF PUBLICATIONS,HELDREF PUBLICATIONS,WASHINGTON,"1319 EIGHTEENTH ST NW, WASHINGTON, DC 20036-1802 USA"
