author_full_name,country,university
"HEPPELER, JOHANNA",USA,LEYDEN COMMUNITY HIGH SCH
"MANDERINO, MICHAEL",USA,NORTHERN ILLINOIS UNIV
"LI, ANG",BEIJING FORESTRY UNIV,"UNIV NEW SOUTH WALES, BLACK DOG INST, SYDNEY, NSW, AUSTRALIA"
"HUANG, XIAOXIAO",CHINA,CHINESE ACAD SCI
"ZHU, TINGSHAO",CHINA,CHINESE ACAD SCI
"JIAO, DONGDONG",CHINA,NATL COMP SYST ENGN RES INST CHINA
"O'DEA, BRIDIANNE",AUSTRALIA,UNIV NEW SOUTH WALES
"CHRISTENSEN, HELEN",UNIV NEW SOUTH WALES,"UNIV NEW SOUTH WALES, BLACK DOG INST, RANDWICK, NSW, AUSTRALIA"
"JAYACHANDRAN, JESNA",INDIA,GURU NANAK DEV UNIV
"JANG, S. MO",USA,UNIV SOUTH CAROLINA
"KIM, JOON K.",USA,UNIV SOUTH CAROLINA
"CAN, BILGE",TURKEY,PAMUKKALE UNIV
"AUSTIN, ERICA WEINTRAUB","WASHINGTON STATE UNIV, EDWARD R MURROW COLL COMMUN, MURROW CTR MEDIA & HLTH PROMOT RES, COMMUN ADDIT 101,MS 642520, PULLMAN, WA 99164 USA","WASHINGTON STATE UNIV, OFF PROVOST & EXECUT VICE PRESIDENT, FRENCH ADM BLDG 436,MAIL CODE 1046, PULLMAN, WA 99164 USA"
"AUSTIN, BRUCE W.","WASHINGTON STATE UNIV, COLL EDUC, PULLMAN, WA 99164 USA","WASHINGTON STATE UNIV, EDUC PSYCHOL, COMMUN ADDIT 101,MS 642520, PULLMAN, WA 99164 USA"
"FRENCH, BRIAN F.",USA,WASHINGTON STATE UNIV
"COHEN, MARILYN A.",USA,UNIV WASHINGTON
"WIJAYANI, ISNA",INDONESIA,UNIV BINA DARMA
PRIYONO,INDONESIA,UNIV BINA DARMA
"TOROK, MICHELLE",AUSTRALIA,UNIV NEW SOUTH WALES
"SHAND, FIONA",AUSTRALIA,UNIV NEW SOUTH WALES
"CALEAR, ALISON",AUSTRALIA,AUSTRALIAN NATL UNIV
"CESPEDES VENTURA, RAUL",SPAIN,UNIV MURCIA
"RAMAZZINA GHIRARDI, ANA LUIZA",BRAZIL,UNIV FED SAO PAULO
"BARBOSA, JACQUELINE PEIXOTO",BRAZIL,UNIV ESTADUAL CAMPINAS
"DE OLIVEIRA SIMOES, PEDRO HENRIQUE",BRAZIL,UNIV ESTADUAL CAMPINAS
"WENINGER, CSILLA",NANYANG TECHNOL UNIV,"NANYANG TECHNOL UNIV, NATL INST EDUC, SINGAPORE, SINGAPORE"
"HU, GUANGWEI",SINGAPORE,NANYANG TECHNOL UNIV
"CHOO, SUZANNE S.",SINGAPORE,NANYANG TECHNOL UNIV
"AL-ISSA, AHMAD",EMIRATES,AMER UNIV SHARJAH
"BIGELOW, MARTHA",USA,UNIV MINNESOTA
"VANEK, JENIFER",USA,UNIV MINNESOTA
"KING, KENDALL",USA,UNIV MINNESOTA
"ABDI, NIMO",USA,UNIV MINNESOTA
"SCULL, TRACY M.",INNOVAT RES & TRAINING,"INNOVAT RES & TRAINING, DURHAM, NC 27707 USA"
"KUPERSMIDT, JANIS B.",INNOVAT RES & TRAINING,"INNOVAT RES & TRAINING, DURHAM, NC 27707 USA"
"WEATHERHOLT, TARA N.",USA,RTI INT
"MARAVER-LOPEZ, PABLO","UNIV HUELVA, HUELVA, SPAIN","GRP INVEST AGORA HUM 648, NAVARRA, SPAIN"
"CALDEIRO-PEDREIRA, MARI-CARMEN","UNIV HUELVA, HUELVA, SPAIN","ADVISORY BOARD, NAVARRA, SPAIN"
"PEREZ-LISBOA, SANDRA",MEXICO,UNIV PLAYA ANCHA
"TREJO-QUINTANA, JANNETH",MEXICO,INST INVEST SOCIALES
"RODRIGUEZ-LOPEZ, JENNIFER",SPAIN,UNIV HUELVA
"WADE, TRACEY D.","FLINDERS UNIV S AUSTRALIA, SCH PSYCHOL, ADELAIDE, SA 5001, AUSTRALIA","FLINDERS UNIV S AUSTRALIA, SCH PSYCHOL, ADELAIDE, SA 5001, AUSTRALIA"
"WILKSCH, SIMON M.","FLINDERS UNIV S AUSTRALIA, SCH PSYCHOL, ADELAIDE, SA 5001, AUSTRALIA","FLINDERS UNIV S AUSTRALIA, SCH PSYCHOL, ADELAIDE, SA 5001, AUSTRALIA"
"PAXTON, SUSAN J.","LA TROBE UNIV, SCH PSYCHOL & PUBL HLTH, MELBOURNE, VIC 3086, AUSTRALIA","LA TROBE UNIV, SCH PSYCHOL & PUBL HLTH, MELBOURNE, VIC, AUSTRALIA"
"BYRNE, SUSAN M.",AUSTRALIA,UNIV WESTERN AUSTRALIA
"AUSTIN, S. BRYN",BOSTON CHILDRENS HOSP,"HARVARD TH CHAN SCH PUBL HLTH, DEPT SOCIAL & BEHAV SCI, BOSTON, MA USA"
"MCLEAN, SIAN A.","LA TROBE UNIV, SCH PSYCHOL & PUBL HLTH, MELBOURNE, VIC 3086, AUSTRALIA","VICTORIA UNIV, COLL HLTH & BIOMED, MELBOURNE, VIC, AUSTRALIA"
"WERTHEIM, ELEANOR H.","LA TROBE UNIV, SCH PSYCHOL & PUBL HLTH, MELBOURNE, VIC 3086, AUSTRALIA","LA TROBE UNIV, SCH PSYCHOL & PUBL HLTH, MELBOURNE, VIC 3086, AUSTRALIA"
"MASTERS, JENNIFER",AUSTRALIA,UNIV TASMANIA
"WATERS, STEWART",USA,UNIV TENNESSEE
"KNIBBE, MARE",MAASTRICHT UNIV,"MAASTRICHT UNIV, SCH PUBL HLTH & PRIMARY CARE CAPHRI, FAC HLTH MED & LIFE SCI, DEPT INEQUAL PARTICIPAT GLOBALISAT IPG,PUBL HLTH, DEBYEPL 1,ROOM B2-111,POB 616, NL-6200 MD MAASTRICHT, NETHERLANDS"
"DE VRIES, MARTEN",NETHERLANDS,MAASTRICHT UNIV
"LUCIDI, FABIO",ITALY,SAPIENZA UNIV ROME
"CHIRICO, ANDREA",ITALY,SAPIENZA UNIV ROME
"GALLI, FEDERICA",ITALY,SAPIENZA UNIV ROME
"MALLIA, LUCA",ITALY,UNIV ROME FORO ITALICO
"ZELLI, ARNALDO",ITALY,UNIV ROME FORO ITALICO
"ALIVERNINI, FABIO",ITALY,NATL INST EVALUAT EDUC SYST
"MANGANELLI, SARA",ITALY,NATL INST EVALUAT EDUC SYST
"BIASI, VALERIA",ITALY,ROMA TRE UNIV
"REY, JUAN",ECUADOR,UNIV GUAYAQUIL
"HERNANDEZ-SANTAOLALLA, VICTOR",ECUADOR,UNIV GUAYAQUIL
"SILVA-VERA, FRANCISCO",ECUADOR,UNIV GUAYAQUIL
"MEANDRO-FRAILE, EVA",ECUADOR,UNIV GUAYAQUIL
"KELLY, COURTNEY",USA,MANHATTANVILLE COLL
"BROWER, CARLEIGH",USA,MANHATTANVILLE COLL
"PETRANOVA, DANA",SLOVAKIA,UNIV SS CYRIL & METHODIUS
"HOSSOVA, MONIKA",SLOVAKIA,UNIV SS CYRIL & METHODIUS
"VELICKY, PETER",SLOVAKIA,UNIV SS CYRIL & METHODIUS
"MORAVCIKOVA, MARIA","UNIV SS CYRIL & METHODIUS, FAC MASS MEDIA COMMUN, TRNAVA 91701, SLOVAKIA","UNIV SS CYRIL & METHODIUS, FAC MASS MEDIA COMMUN, NAM J HERDU 2, TRNAVA 91701, SLOVAKIA"
"FIGUERAS-MAZ, MONICA",SPAIN,UNIV POMPEU FABRA
"MASANET, MARIA-JOSE",SPAIN,UNIV POMPEU FABRA
"FERRES, JOAN",SPAIN,UNIV POMPEU FABRA
"MOEKOTTE, PAULO",NETHERLANDS,OPEN UNIV NETHERLANDS
"BRAND-GRUWEL, SASKIA",NETHERLANDS,OPEN UNIV NETHERLANDS
"RITZEN, HENK",NETHERLANDS,SAX UNIV APPL SCI
"MIHAILIDIS, PAUL","EMERSON COLL, MA CIV MEDIA ART & PRACTICE, BOSTON, MA 02116 USA","EMERSON COLL, MEDIA LITERACY CIV MEDIA & COMMUNITY ACTIVISM, BOSTON, MA 02116 USA"
"VIOTTY, SAMANTHA",USA,EMERSON COLL
"ROTHONI, ANASTASIA",GREECE,UNIV ATHENS
"QUINTANAL, FELIPE",SPAIN,COLEGIO MARISTA LA INMACULADA
"AIREY, JOHN",LINNAEUS UNIV,"UPPSALA UNIV, DEPT PHYS & ASTRON, UNIV PHYS EDUC RES GRP, UPPSALA, SWEDEN"
"LAURIDSEN, KAREN M.",DENMARK,AARHUS UNIV
"RASANEN, ANNE",FINLAND,UNIV JYVASKYLA
"SALO, LINUS",SWEDEN,STOCKHOLM UNIV
"SCHWACH, VERA",NORWAY,NORD INST STUDIES INNOVAT RES & EDUC
"TULLY, MELISSA","UNIV IOWA, IOWA CITY, IA 52242 USA","UNIV IOWA, SCH JOURNALISM & MASS COMMUN, IOWA CITY, IA 52242 USA"
"VRAGA, EMILY K.","GEORGE MASON UNIV, FAIRFAX, VA 22030 USA","GEORGE MASON UNIV, DEPT COMMUN, FAIRFAX, VA 22030 USA"
"SAUNDERS, JANE M.",USA,TEXAS STATE UNIV
"ASH, GWYNNE ELLEN",USA,TEXAS STATE UNIV
"SALAZAR, ISABELLE",USA,AUSTIN INDEPENDENT SCH DIST
"WOHLWEND, KAREN E.",USA,INDIANA UNIV
"GORDON, CHLOE S.","AUSTRALIAN CATHOLIC UNIV, CTR HLTH & SOCIAL RES, ST PATRICKS CAMPUS,LEVEL 5,215 SPRING ST, MELBOURNE, VIC 3000, AUSTRALIA","AUSTRALIAN CATHOLIC UNIV, CTR HLTH & SOCIAL RES, MELBOURNE, VIC 3065, AUSTRALIA"
"KERVIN, LISA K.",UNIV WOLLONGONG,"UNIV WOLLONGONG, EARLY START RES INST, WOLLONGONG, NSW, AUSTRALIA"
"HOWARD, STEVEN J.",UNIV WOLLONGONG,"UNIV WOLLONGONG, EARLY START RES INST, WOLLONGONG, NSW, AUSTRALIA"
"JONES, SANDRA C.","AUSTRALIAN CATHOLIC UNIV, CTR HLTH & SOCIAL RES, MELBOURNE, VIC, AUSTRALIA","AUSTRALIAN CATHOLIC UNIV, CTR HLTH & SOCIAL RES, ST PATRICKS CAMPUS,LEVEL 5,215 SPRING ST, MELBOURNE, VIC 3000, AUSTRALIA"
"HU, TINGTING",CHINA,HANGZHOU DIANZI UNIV
"VELAZQUEZ, ISABEL",USA,UNIV NEBRASKA
"ROGERS, ALAN",ENGLAND,UNIV EAST ANGLIA
"DUURSMA, ELISABETH",AUSTRALIA,UNIV WOLLONGONG
"MEIJER, ANNA",NETHERLANDS,UNIV GRONINGEN
"DE BOT, KEES",NETHERLANDS,UNIV GRONINGEN
"DANOV, DANAIL",BULGARIA,SOFIA UNIV
"FIIALKA, SVETLANA",UKRAINE,NATL TECH UNIV UKRAINE
"GALAKTIONOVA, TATIANA",RUSSIA,ST PETERSBURG UNIV
"MOKSHINA, YULIYA",RUSSIA,ST PETERSBURG UNIV
"TEPLYASHINA, A. N.",RUSSIA,ST PETERSBURG STATE UNIV
"PAVLUSHKINA, N. A.",RUSSIA,ST PETERSBURG STATE UNIV
"VAN AUDENHOVE, LEO","UNIV CAPE TOWN, RONDEBOSCH, SOUTH AFRICA","VRIJE UNIV BRUSSEL, IMEC SMIT, PL LAAN 2, B-1050 BRUSSELS, BELGIUM"
"VANWYNSBERGHE, HADEWIJCH","MEDIAWIJS FLEMISH KNOWLEDGE CTR MEDIA LITERACY, BRUSSELS, BELGIUM","MEDIAWIJS BE, IMEC, PL LAAN 9, B-1050 BRUSSELS, BELGIUM"
"MARIEN, ILSE",VRIJE UNIV BRUSSEL,"IMEC SMIT, PL LAAN 9, B-1050 BRUSSELS, BELGIUM"
"SYZONOV, DMYTRO",TARAS SHEVCHENKO NATL UNIV KYIV,"TARAS SHEVCHENKO NATL UNIV KYIV, DEPT STYLIST & LANGUAGE COMMUN, 14 SHEVCHENKO BLVD, KIEV, UKRAINE"
"DANEELS, ROWAN",UNIV ANTWERP,"KATHOLIEKE UNIV LEUVEN, FAC SOCIAL SCI, IMS, LEUVEN, BELGIUM"
"GARIFULLIN, VASIL ZAGITOVICH",RUSSIA,KAZAN FED UNIV
"SABIROVA, LYAILYA RASHITOVNA",RUSSIA,KAZAN FED UNIV
"MONREAL GUERRERO, INES MARIA",SPAIN,UNIV VALLADOLID
"LUIS PAREJO, JOSE",SPAIN,UNIV VALLADOLID
"CORTON DE LAS HERAS, MARIA DE LA O.",SPAIN,UNIV VALLADOLID
"POWELL, MANDY",SCOTLAND,QUEEN MARGARET UNIV
"LABAS, DANIJEL",CROATIA,SVEUCILISTA ZAGREBU
"BONFIGLIO, RYAN P.",USA,COLUMBIA THEOL SEMINARY
"GENDINA, NATALIA",RUSSIA,KEMEROVO STATE UNIV CULTURE & ARTS
"KITSA, MARIANA",UKRAINE,NATL UNIV
"JOANOU, JAMIE PATRICE",USA,WESTMINSTER COLL
"CHEN, YVONNES",UNIV KANSAS,"UNIV KANSAS, WILLIAM ALLEN WHITE SCH JOURNALISM & MASS COMMUN, LAWRENCE, KS 66045 USA"
"PORTER, KATHLEEN J.",USA,VIRGINIA TECH
"ZOELLNER, JAMIE",VIRGINIA TECH,"VIRGINIA TECH, DEPT HUMAN NUTR FOODS & EXERCISE, BLACKSBURG, VA 24061 USA"
"ESTABROOKS, PAUL A.",UNIV NEBRASKA MED CTR,"VIRGINIA TECH, DEPT HUMAN NUTR FOODS & EXERCISE, BLACKSBURG, VA 24061 USA"
"ASTAKHOVA, L. V.",RUSSIA,NATL RES UNIV
"KIM, SO JUNG",USA,UNIV TEXAS EL PASO
"SCHREURS, KATHLEEN",CANADA,UNIV WESTERN ONTARIO
"QUAN-HAASE, ANABEL",UNIV WESTERN ONTARIO,"UNIV WESTERN ONTARIO, DEPT SOCIOL, LONDON, ON, CANADA"
"MARTIN, KIM",CANADA,UNIV GUELPH
"CUBBAGE, JAYNE",USA,BOWIE STATE UNIV
"GILLIANS, PHYLLIS",USA,BOWIE STATE UNIV
"ALGOOD, CARL",USA,BOWIE STATE UNIV
"RAMSEY, VIVIAN SHANNON",USA,BOWIE STATE UNIV
"DHILLON, MEGHA",INDIA,UNIV DELHI
"DEEPAK, SIKSHA",INDIA,UNIV DELHI
"HERZBERG, TINA S.",USA,UNIV SOUTH CAROLINA UPSTATE
"ROSENBLUM, L. PENNY",USA,UNIV ARIZONA
"ROBBINS, MARY E.",USA,SOUTH CAROLINA SCH DEAF & BLIND
"HOBBS, RENEE","UNIV RHODE ISL, HARRINGTON SCH COMMUN & MEDIA, KINGSTON, RI 02881 USA","UNIV RHODE ISL, HARRINGTON SCH COMMUN & MEDIA, KINGSTON, RI 02881 USA"
"TUZEL, SAIT",CANAKKALE ONSEKIZ MART UNIV,"CANAKKALE ONSEKIZ MART UNIV, TR-17100 CANAKKALE, TURKEY"
"DIERGARTEN, ANNA KATHARINA","UNIV WURZBURG, INST PSYCHOL, D-97070 WURZBURG, GERMANY","UNIV WURZBURG, INST PSYCHOL, D-97070 WURZBURG, GERMANY"
"NIEDING, GERHILD","UNIV WURZBURG, INST PSYCHOL, D-97070 WURZBURG, GERMANY","UNIV WURZBURG, INST PSYCHOL, D-97070 WURZBURG, GERMANY"
"MOECKEL, THOMAS",GERMANY,UNIV WURZBURG
"OHLER, PETER","TECH UNIV CHEMNITZ, INST GERMANIST MEDIEN TECH & INTERKULTURELLE KOMM, D-09107 CHEMNITZ, GERMANY","TECH UNIV CHEMNITZ, INST GERMANIST MEDIEN TECH & INTERKULTURELLE KOMM, D-09107 CHEMNITZ, GERMANY"
"SCARCELLI, COSIMO MARCO",ITALY,UNIV PADUA
"RIVA, CLAUDIO",ITALY,UNIV PADUA
"KARAA, IBRAHIM E.",TURKEY,CELAL BAYAR UNIV
"KUGU, TAYFUN D.",TURKEY,CELAL BAYAR UNIV
"BICKEL, LAURA",GERMANY,ZBW LEIBNIZ INFORMAT ZENTRUM WIRTSCHAFT
"SCHOLZ, WILLI",GERMANY,ZBW LEIBNIZ INFORMAT ZENTRUM WIRTSCHAFT
"TOCHTERMANN, KLAUS",GERMANY,ZBW LEIBNIZ INFORMAT ZENTRUM WIRTSCHAFT
"BURIANOVA, L'UBICA",SLOVAKIA,UNIV SS CYRIL & METHODIUS
"SORIANO, CHERYLL RUTH R.",PHILIPPINES,DE LA SALLE UNIV
"BUCKINGHAM, DAVID","UNIV LOUGHBOROUGH, LOUGHBOROUGH, LEICS, ENGLAND","UNIV LOUGHBOROUGH, LOUGHBOROUGH LE11 3TU, LEICS, ENGLAND"
"FEDOROV, ALEXANDER","ROSTOV STATE UNIV ECON, ANTON CHEKHOV TAGANROG INST, ROSTOV NA DONU, RUSSIA","ROSTOV STATE ECON UNIV, ANTON CHEKHOV TAGANROG INST, ROSTOV NA DONU, RUSSIA"
"KLINE, KIP",USA,LEWIS UNIV
"BIER, MELINDA C.",UNIV MISSOURI,"UNIV MISSOURI, DIV EDUC PSYCHOL, COLL EDUC, 201 BARNES LIB BLDG,1 UNIV BLVD, ST LOUIS, MO 63121 USA"
"ZWARUN, LARA",USA,UNIV MISSOURI
"SHERBLOM, STEPHEN A.",USA,LINDENWOOD UNIV
"NUPAIROJ, NUDEE",THAILAND,RANGSIT UNIV
"CAPRINO, MONICA PEGURER",BRAZIL,METHODIST UNIV SAO PAULO
"MARTINEZ-CERDA, JUAN-FRANCISCO",OPEN UNIV CATALONIA,"UNIV OBERTA CATALUNYA, MEDIATIC, BARCELONA 08018, SPAIN"
"GONZALEZ-FERNANDEZ, NATALIA",SPAIN,UNIV CANTABRIA
"SALCINES-TALLEDO, IRINA",SPAIN,UNIV CANTABRIA
"ZHANG, ZHENG",CANADA,UNIV WESTERN ONTARIO
"LI, JIA",CANADA,UNIV ONTARIO
"LIU, FEIFEI",CHINA,CHINESE UNIV HONG KONG
"MIAO, ZHUANG",CHINA,CHINESE UNIV HONG KONG
"BELOVA, NADJA",UNIV BREMEN,"UNIV BREMEN, INST SCI EDUC IDN, DEPT BIOL & CHEM, DIDACT CHEM, LEOBENER STR NW2, D-28334 BREMEN, GERMANY"
"EILKS, INGO",UNIV BREMEN,"UNIV BREMEN, INST SCI EDUC IDN, DEPT BIOL & CHEM, DIDACT CHEM, LEOBENER STR NW2, D-28334 BREMEN, GERMANY"
"FRIESEM, ELIZAVETA",USA,TEMPLE UNIV
"KOC, MUSTAFA",TURKEY,SULEYMAN DEMIREL UNIV
"BARUT, ESRA",ANADOLU UNIV,"ANADOLU UNIV, EGITIM FAK, ESKISEHIR, TURKEY"
"MUDHAI, OKOTH FRED",ENGLAND,COVENTRY UNIV
"WRIGHT, BIANCA",ENGLAND,COVENTRY UNIV
"MUSA, ALIYU",ENGLAND,COVENTRY UNIV
"HAYNAL, KAITLYN",USA,UNIV PITTSBURGH
"PARSONS, CHRISTINE E.","NATL UNIV IRELAND, DEPT PSYCHOL, MAYNOOTH, KILDARE, IRELAND","AARHUS UNIV, CTR FUNCTIONALLY INTEGRAT NEUROSCI, AARHUS, DENMARK"
"LYDDY, FIONA",IRELAND,NATL UNIV IRELAND
"ZHANG, HUI",VRIJE UNIV BRUSSEL,"VRIJE UNIV BRUSSEL, FAC PSYCHOL & EDUC SCI, DEPT EDUC SCI, B-1050 BRUSSELS, BELGIUM"
"ZHU, CHANG",VRIJE UNIV BRUSSEL,"VRIJE UNIV BRUSSEL, FAC PSYCHOL & EDUC SCI, DEPT EDUC SCI, B-1050 BRUSSELS, BELGIUM"
"RAMIREZ GARCIA, ANTONIA",SPAIN,FAC CIENCIAS EDUC
"RENES ARELLANO, PAULA",SPAIN,UNIV CANTABRIA
"AGUADED, IGNACIO","UNIV HUELVA, DEPT EDUC, HUELVA, SPAIN","UNIV HUELVA, HUELVA, SPAIN"
"RANIERI, MARIA",ITALY,UNIV FLORENCE
"FABBRO, FRANCESCO",ITALY,UNIV VERONA
"HERGUETA-COVACHO, ELISA","IMC FH KREMS, KREMS, AUSTRIA","UNED, MADRID, SPAIN"
"MARTA-LAZO, CARMEN","UNIV ZARAGOZA, ZARAGOZA, SPAIN","UNIV ZARAGOZA, FAC FILOSOFIA & LETRAS, E-50009 ZARAGOZA, SPAIN"
"GABELAS-BARROSO, JOSE-ANTONIO",SPAIN,UNIV ZARAGOZA
"GIL-QUINTANA, JAVIER",SPAIN,UNED
"APARICI, ROBERTO",SPAIN,UNED
"GARCIA MATILLA, AGUSTIN",UNIV COMPLUTENSE,"UNIV VALLADOLID, FAC CIENCIAS SOCIALES, VALLADOLID, SPAIN"
"MARTIN JIMENEZ, VIRGINIA",SPAIN,UNIV VALLADOLID
"BALLESTEROS HERENCIA, CARLOS",SPAIN,UNIV VALLADOLID
"ETURA HERNANDEZ, DUNIA",SPAIN,UNIV VALLADOLID
"AARSAND, PAL",NORWAY,NORWEGIAN UNIV TECHNOL & SCI
"MELANDER, HELEN",SWEDEN,UPPSALA UNIV
"LEE, JEONG KYU",AUSTRALIA,UNIV WOLLONGONG
"KERVIN, LISA","UNIV WOLLONGONG, WOLLONGONG, NSW, AUSTRALIA","UNIV WOLLONGONG, EARLY START RES INST, WOLLONGONG, NSW 2520, AUSTRALIA"
"ORTIZ SOBRINO, MIGUEL ANGEL",SPAIN,UNIV COMPLUTENSE MADRID
"NUNEZ GOMEZ, PATRICIA",SPAIN,UNIV COMPLUTENSE
"HIGUERA BRUNNER, MARCEL",SPAIN,UNIV COMPLUTENSE
"LAMELAS OCANA, BEATRIZ",SPAIN,UNIV COMPLUTENSE
"JOSE ESTABLES, MARIA",SPAIN,UNIV POMPEU FABRA
"JENSON, JENNIFER",CANADA,YORK UNIV
"DROUMEVA, MILENA",CANADA,SIMON FRASER UNIV
"VLIEGHE, JOACHIM",BELGIUM,UNIV GHENT
"SOETAERT, RONALD",BELGIUM,UNIV GHENT
"VANDERMEERSCHE, GEERT","UNIV GHENT, TEACHER EDUC PROGRAM, B-9000 GHENT, BELGIUM","UNIV GHENT, TEACHER EDUC PROGRAM, B-9000 GHENT, BELGIUM"
"NELSON, KIMBERLY M.","BROWN UNIV, DEPT PSYCHIAT & HUMAN BEHAV, PROVIDENCE, RI 02912 USA","RHODE ISL HOSP, DEPT PSYCHIAT, PROVIDENCE, RI USA"
"CAREY, MICHAEL P.",MIRIAM HOSP,"BROWN UNIV, DEPT BEHAV & SOCIAL SCI, PROVIDENCE, RI 02912 USA"
"RIVERA, REYNALDO",ITALY,INTERMEDIA SOCIAL INNOVAT
"SANTOS, DAVID",SPAIN,UNIV AUTONOMA MADRID
"BRANDLE, GASPAR",SPAIN,UNIV MURCIA
"CARDABA, MIGUEL ANGEL M.",SPAIN,CTR UNIV VILLANUEVA
"AYHAN, CISE",AUSTRIA,UNIV VIENNA
"DOMITRAN, ZRINKA",AUSTRIA,UNIV VIENNA
"RADUNOVIC, NIKOLA",AUSTRIA,UNIV VIENNA
"TAVAKOLI, SEPEHR DADJOI",AUSTRIA,UNIV VIENNA
"SUPSAKOVA, BOZENA",SLOVAKIA,COMENIUS UNIV
"CHANG, FONG-CHING",TAIWAN,NATL TAIWAN NORMAL UNIV
"LEE, CHING-MEI",TAIWAN,NATL TAIWAN NORMAL UNIV
"CHEN, PING-HUNG",TAIWAN,NATL TAIWAN NORMAL UNIV
"CHIU, CHIUNG-HUI",TAIWAN,NATL TAIWAN NORMAL UNIV
"MIAO, NAE-FANG",TAIWAN,TAIPEI MED UNIV
"LEE, SHU-CHING",TAIWAN,CHUNG HO HIGH SCH
"KUNG, FAN-WEI",IRELAND,QUEENS UNIV BELFAST
"DEMIRER, VEYSEL",TURKEY,SULEYMAN DEMIREL UNIV
"ERBAS, CAGDAS",TURKEY,SULEYMAN DEMIREL UNIV
"DIKMEN, CEMAL HAKAN",TURKEY,AFYON KOCATEPE UNIV
"SAK, NURCAN",TURKEY,MEB
"AMES, MORGAN G.",USA,UNIV CALIF BERKELEY
"STORKSDIECK, MARTIN",USA,OREGON STATE UNIV
"LEN-RIOS, MARIA E.",USA,UNIV GEORGIA
"HUGHES, HILARY E.",USA,UNIV GEORGIA
"MCKEE, LAURA G.",USA,UNIV GEORGIA
"YOUNG, HENRY N.",USA,UNIV GEORGIA
"NEAG, ANAMARIA",HUNGARY,HUNGARIAN ACAD SCI
"PEEK, HOLLY S.",USA,TULANE UNIV
"BERESIN, EUGENE",USA,MASSACHUSETTS GEN HOSP
"SHENSA, ARIEL",USA,UNIV PITTSBURGH
"PRIMACK, BRIAN A.","UNIV PITTSBURGH, SCH MED, DEPT MED, DIV GEN INTERNAL MED, PITTSBURGH, PA 15213 USA","UNIV PITTSBURGH, SCH MED, DEPT MED, DIV GEN INTERNAL MED, PITTSBURGH, PA 15213 USA"
"PHELPS-TSCHANG, JANE",USA,UNIV PITTSBURGH
"MILLER, ELIZABETH","UNIV PITTSBURGH, SCH MED, DEPT PEDIAT, DIV ADOLESCENT MED, PITTSBURGH, PA 15213 USA","UNIV PITTSBURGH, SCH MED, DEPT PEDIAT, DIV ADOLESCENT MED, PITTSBURGH, PA 15213 USA"
"KESLER, TED",USA,CUNY QUEENS COLL
"TINIO, PABLO P. L.",USA,CUNY QUEENS COLL
"NOLAN, BRIAN T.",USA,NEW YORK CITY DEPT EDUC
"KIURU, K., V",RUSSIA,CHELYABINSK STATE UNIV
"POPOVA, E. E.",RUSSIA,CHELYABINSK STATE UNIV
"RUZIC, NATASA",MONTENEGRO,UNIV MONTENEGRO
"PERAN, SUZANA",CROATIA,UNIV ZAGREB
"RAGUZ, ANDELKA",CROATIA,UNIV ZAGREB
"CHEUNG, C. K.",UNIV HONG KONG,"UNIV HONG KONG, FAC EDUC, POKFULAM, HONG KONG, PEOPLES R CHINA"
"XU, WEN",CHINA,COMMUN UNIV CHINA
"CHUEN, ENG MAY",MALAYSIA,UNIV TUNKU ABDUL RAHMAN
"MICHAEL, EDWIN",MALAYSIA,UNIV TUNKU ABDUL RAHMAN
"TECK, TEH BOON",MALAYSIA,UNIV TUNKU ABDUL RAHMAN
"JAVIER BALLESTA PAGAN, F.",SPAIN,UNIV MURCIA
"MARTINEZ BUENDIA, JESUS",SPAIN,UNIV MURCIA
"AREVALO-MARTINEZ, REBECA-ILLIANA",MEXICO,UNIV ANAHUAC
"DEL PRADO-FLORES, ROGELIO",MEXICO,UNIV ANAHUAC
"RAMIREZ-BELTRAN, RAFAEL-TONATIUH",MEXICO,UNIV ANAHUAC
"LEVITSKAYA, ANASTASIA","INST MANAGEMENT & ECON, TAGANROG, RUSSIA","TAGANROG MANAGEMENT & ECON INST, TAGANROG, RUSSIA"
"CAMARERO, EMMA",SPAIN,LOYOLA ANDALUCIA UNIV
"SEKARASIH, LARAS",UNIV MASSACHUSETTS,"UNIV INDONESIA, FAC PSYCHOL, DEPOK, WEST JAVA, INDONESIA"
"MCDERMOTT, KIMBERLY WALSH",USA,UNIV CALIF SANTA BARBARA
"O'MALLEY, DONICA",USA,UNIV PITTSBURGH
"OLSON, CHRISTINE",USA,UNIV MASSACHUSETTS
"SCHARRER, ERICA",UNIV MASSACHUSETTS,"UNIV MASSACHUSETTS, DEPT COMMUN, AMHERST, MA 01003 USA"
"FLORES-KOULISH, STEPHANIE A.",USA,LOYOLA UNIV MARYLAND
"SMITH-D'AREZZO, WENDY MARIE",USA,LOYOLA UNIV MARYLAND
"MACKNIGHT, CAMPBELL",AUSTRALIA,AUSTRALIAN NATL UNIV
"KAVANAUGH, JILL R.",USA,BOSTON CHILDRENS HOSP
"LAVALLEE, KRISTELLE",USA,BOSTON CHILDRENS HOSP
"RUDD, RIMA",USA,HARVARD UNIV
"DRUICK, ZOE",CANADA,SIMON FRASER UNIV
"AYBEK, BIRSEL",TURKEY,CUKUROVA UNIV
"ABRAMS, LEAH R.",USA,UNIV MICHIGAN
"KOEHLY, LAURA M.",USA,NHGRI
"HOOKER, GILLIAN W.",USA,NEXTGXDX
"PAQUIN, RYAN S.",USA,RTI INT
"CAPELLA, JOSEPH N.",USA,UNIV PENN
"MCBRIDE, COLLEEN M.",USA,EMORY UNIV
"MINASSIAN, LAURE",FRANCE,UNIV CAEN
"EL-GUEBALY, LANI",CANADA,UNIV BRITISH COLUMBIA
"BUTTERWICK, SHAUNA",CANADA,UNIV BRITISH COLUMBIA
"GOESSLING, KRISTEN P.",USA,PENN STATE UNIV
"GERTRUDIX-BARRIO, FELIPE",SPAIN,UNIV CASTILLA LA MANCHA
"GALVEZ DE LA CUESTA, MARIA DEL CARMEN",SPAIN,UNIV REY JUAN CARLOS
"SAID-HUNG, ELIAS",COLOMBIA,UNIV NORTE
"DURAN-MEDINA CORREO, JOSE FRANCISCO",SPAIN,UNIV CASTILLA LA MANCHA
"MULDROW, ADRIENNE",USA,WASHINGTON STATE UNIV
"ROMERO-RODRIGUEZ, LUIS M.",COLOMBIA,UNIV SANTIAGO CALI
"TORRES-TOUKOUMIDIS, ANGEL",SPAIN,UNIV HUELVA
"AMOR PEREZ-RODRIGUEZ, M.",SPAIN,UNIV HUELVA
"CLAVERO IBANEZ DE GARAYO, SERGIO",SPAIN,IES CACHEIRAS
"ANTONIO GABELAS-BARROSO, JOSE",SPAIN,UNIV ZARAGOZA
"PFAFF-RUEDIGER, SENTA",GERMANY,LUDWIG MAXIMILIANS UNIV MUNCHEN
"RIESMEYER, CLAUDIA",GERMANY,LUDWIG MAXIMILIANS UNIV MUNCHEN
"NEIRA CRUZ, XOSE ANTONIO",SPAIN,UNIV SANTIAGO DE COMPOSTELA
"LOZANOVA, LILIA",BULGARIA,KONSTANTIN PRESLAVSKY UNIV SHUMEN
"CHELYSHEVA, IRINA",RUSSIA,ROSTOV STATE UNIV ECON
"MASON, LANCE",USA,INDIANA UNIV
"VANWESENBEECK, INI",UNIV ANTWERP,"RES FDN FLANDERS, BRUSSELS, BELGIUM"
"WALRAVE, MICHEL",BELGIUM,UNIV ANTWERP
"PONNET, KOEN","HIGHER INST FAMILY SCI, BRUSSELS, BELGIUM","UNIV ANTWERP, HERMAN DELEECK CTR SOCIAL POLICY, DEPT SOCIOL, FAC SOCIAL SCI, BRUSSELS, BELGIUM"
"WATSON, A.",USA,UNIV WASHINGTON
"NADIRAH, NUR M. S.",MALAYSIA,UNIV PUTRA MALAYSIA
"GHAZALI, H.",MALAYSIA,UNIV PUTRA MALAYSIA
"BAKAR, A. Z. A.",MALAYSIA,UNIV PUTRA MALAYSIA
"OTHMAN, M.",UNIV PUTRA MALAYSIA,"UNIV PUTRA MALAYSIA, HALAL PROD RES INST, UPM SERDANG 43400, SELANGOR, MALAYSIA"
"PATTERSON, ASHLEY N.",USA,UNIV PENN
"HOWARD, ARIANNA",USA,OHIO STATE UNIV
"KINLOCH, VALERIE",OHIO STATE UNIV,"OHIO STATE UNIV, DEPT TEACHING & LEARNING, LITERACY STUDIES, COLUMBUS, OH 43210 USA"
"BANERJEE, SMITA C.",MEM SLOAN KETTERING CANC CTR,"MONTCLAIR STATE UNIV, DEPT COMMUN STUDIES, MONTCLAIR, NJ 07043 USA.;   RUTGERS STATE UNIV, DEPT COMMUN, PISCATAWAY, NJ 08855 USA"
"GREENE, KATHRYN",RUTGERS STATE UNIV,"RUTGERS STATE UNIV, NEW BRUNSWICK, NJ 08903 USA"
"MAGSAMEN-CONRAD, KATE",USA,BOWLING GREEN STATE UNIV
"ELEK, ELVIRA",USA,RTI INT
"HECHT, MICHAEL L.",USA,PENN STATE UNIV
"MILLINGTON, BRAD",ENGLAND,UNIV BATH
"MAGUIRE, MILES",USA,UNIV WISCONSIN
"GEORGES, ANNABEL",BELGIUM,IMINDS MICT UGENT
"VANDERLINDE, RUBEN",BELGIUM,UNIV GHENT
"VERDEGEM, PIETER","UNIV GHENT, VAKGROEP COMMUN WETENSCHAPPEN, NIEUWE MEDIA INFORMAT & COMMUN TECHNOL, GHENT, BELGIUM","UNIV GHENT, VAKGROEP COMMUN WETENSCHAPPEN, NIEUWE MEDIA INFORMAT & COMMUN TECHNOL, GHENT, BELGIUM"
"LARCOM, M.",USA,BLOOMSBURG UNIV
"MCDONALD, K.",USA,BLOOMSBURG UNIV
"CELLUCCI, N.",USA,BLOOMSBURG UNIV
"MAGOLIS, D.",USA,BLOOMSBURG UNIV
"WEEDON, ALEXIS",ENGLAND,UNIV BEDFORDSHIRE
"KNIGHT, JULIA",ENGLAND,UNIV SUNDERLAND
"MOSES, ANNIE M.","JOHN CARROLL UNIV, DEPT EDUC & ALLIED STUDIES, UNIVERSITY HTS, OH USA","JOHN CARROLL UNIV, SCH PSYCHOL, UNIVERSITY HTS, OH 44118 USA"
"BENNETT, COLLEEN M.",JOHN CARROLL UNIV,"JOHN CARROLL UNIV, SCH PSYCHOL, UNIVERSITY HTS, OH 44118 USA"
"GOLOS, DEBBIE B.",UTAH STATE UNIV,"UTAH STATE UNIV, DEPT COMMUNICAT DISORDERS & DEAF EDUC, LOGAN, UT 84322 USA"
"PARK, SORA",UNIV CANBERRA,"UNIV CANBERRA, CANBERRA, ACT 2601, AUSTRALIA"
"KIM, EUN-MEE",KOREA,SEOUL NATL UNIV
"NA, EUN-YEONG",KOREA,SOGANG UNIV
"LIN, TZU-BIN","NATL TAIWAN NORMAL UNIV, DEPT EDUC, TAIPEI, TAIWAN","NATL TAIWAN NORMAL UNIV, DEPT EDUC, TAIPEI, TAIWAN"
"MOKHTAR, INTAN AZURA",SINGAPORE,NATL INST EDUC
"WANG, LI-YI",SINGAPORE,NATL INST EDUC
"FRIAS-GUZMAN, MAYLIN",BRAZIL,DEPT CIENCIAS INFORMAC
"ARISTIZABAL, PILAR",SPAIN,UNIV PAIS VASCO UPV EHU
"LASARTE, GEMA",SPAIN,UNIV PAIS VASCO UPV EHU
"TRESSERRAS, ALAITZ",SPAIN,UNIV PAIS VASCO UPV EHU
"PARTRIDGE, R. SCOTT",USA,PURDUE UNIV
"BROCK, MEGAN",USA,UNIV GEORGIA
"PROKHOROV, ALEXANDER",USA,COLL WILLIAM & MARY
"THERKELSEN, JES",USA,CALIF STATE UNIV FRESNO
"GUERRERO-PICO, MAR",UNIV POMPEU FABRA,"UNIV POMPEU FABRA, BARCELONA, SPAIN"
"DALTON, RUSSELL W.",USA,TEXAS CHRISTIAN UNIV
"CARR, PAUL R.",CANADA,UNIV QUEBEC OUTAOUAIS
"PLUIM, GARY W. J.",CANADA,LAKEHEAD UNIV
"HOWARD, LAUREN",CANADA,LAKEHEAD UNIV
"PINKLETON, BRUCE E.","WASHINGTON STATE UNIV, EDWARD R MURROW COLL COMMUN, MURROW CTR MEDIA & HLTH PROMOT RES, PULLMAN, WA 99164 USA","WASHINGTON STATE UNIV, EDWARD R MURROW COLL COMMUN, MURROW CTR MEDIA & HLTH PROMOT RES, PULLMAN, WA 99164 USA"
"CHEN, YI-CHUN (YVONNES)","VIRGINIA TECH UNIV, DEPT COMMUN, BLACKSBURG, VA USA","UNIV KANSAS, WILLIAM ALLEN WHITE SCH JOURNALISM & MASS COMMUN, LAWRENCE, KS 66045 USA"
"MARIN-GUTIERREZ, ISIDRO",ECUADOR,UNIV TECN PARTICULAR LOJA
"DIAZ-PAREJO, ELENA",SPAIN,UNIV JAEN
"LEE, LING","NATL INST EDUC, OFF ACAD QUAL MANAGEMENT, SINGAPORE, SINGAPORE","NATL INST EDUC, SINGAPORE 637616, SINGAPORE"
"CHEN, DER-THANQ",NATL INST EDUC,"NATL INST EDUC, SINGAPORE 637616, SINGAPORE"
"LI, JEN-YI","NATL INST EDUC, OFF EDUC RES, SINGAPORE, SINGAPORE","NATL INST EDUC, SINGAPORE 637616, SINGAPORE"
"MANDROLA, JOHN",USA,BAPTIST HLTH
"KARPATI, ANDREA",HUNGARY,ELTE UNIV
"HINDMARSH, CHLOE S.",AUSTRALIA,UNIV WOLLONGONG
"DEZUANNI, MICHAEL",QUEENSLAND UNIV TECHNOL,"QUEENSLAND UNIV TECHNOL, CREAT IND FAC, KELVIN GROVE 4059, AUSTRALIA"
"RIBEIRO PESSOA, MARIA TERESA",PORTUGAL,UNIV COIMBRA
"HERNANDEZ SERRANO, MARIA JOSE",SPAIN,UNIV SALAMANCA
"MUNOZ RODRIGUEZ, JOSE MANUEL",SPAIN,UNIV SALAMANCA
"LIAO, LI-LING",TAIWAN,I SHOU UNIV
"LAI, I-JU",TAIWAN,I SHOU UNIV
"PEREIRA, SARA","UNIV MINHO, DEPT COMMUN SCI, BRAGA, PORTUGAL","UNIV MINHO, DEPT COMMUN SCI, P-4710057 BRAGA, PORTUGAL"
"PEREIRA, LUIS",UNIV MINHO,"UNIV MINHO, COMMUN & SOC RES CTR, BRAGA, PORTUGAL"
"RAMASUBRAMANIAN, SRIVIDYA",USA,TEXAS A&M UNIV
"TEICHERT, LAURA",CANADA,UNIV BRITISH COLUMBIA
"EGBERT, JOY",USA,WASHINGTON STATE UNIV
"NEVILLE, CHON",USA,WASHINGTON STATE UNIV
"MOHAMAD, EMMA",MALAYSIA,UNIV KEBANGSAAN MALAYSIA
"SALLEH, SABARIAH MOHAMED",MALAYSIA,UNIV KEBANGSAAN MALAYSIA
"AHMAD, ABDUL LATIFF",MALAYSIA,UNIV KEBANGSAAN MALAYSIA
"HASHIM, HASRUL",MALAYSIA,UNIV KEBANGSAAN MALAYSIA
"HANIFF, NUR AFIQAH MOHD",MALAYSIA,UNIV KEBANGSAAN MALAYSIA
"NAZIROGLU, BAYRAMALI",TURKEY,RECEP TAYYIP ERDOGAN UNIV
"WANG, ZHIJUN",USA,UNIV MASSACHUSETTS
"TUCHO, F.",SPAIN,UNIV REY JUAN CARLOS
"FERNANDEZ-PLANELLS, A.",SPAIN,UNIV POMPEU FABRA
"FIGUERAS-MAZ, M.",SPAIN,UNIV POMPEU FABRA
"LOZANO, M.",SPAIN,UNIV JAUME I CASTELLON
"DORNALETECHE-RUIZ, JON",SPAIN,UNIV VALLADOLID
"BUITRAGO-ALONSO, ALEJANDRO",SPAIN,UNIV VALLADOLID
"MORENO-CARDENAL, LUISA",SPAIN,UNIV VALLADOLID
"LOPEZ, LAURA",SPAIN,UNIV MALAGA
"AGUADED, MARIA-CINTA",SPAIN,UNIV HUELVA
"TEWKSBURY, DOUG",USA,NIAGARA UNIV
"BUITRAGO, ALEJANDRO",SPAIN,UNIV VALLADOLID
"RABADAN, ANGEL V.",SPAIN,UNIV HUELVA
"TSE, CARRIE K. W.",CHINA,UNIV HONG KONG
"SRINIVASAN, DIVYA PARTHASARATHY",CHINA,UNIV HONG KONG
"CHENG, BRENDA S. S.",CHINA,UNIV HONG KONG
"BRIDGES, SUSAN M.",CHINA,UNIV HONG KONG
"CERIGATTO, MARIANA PICARO",UNIV ESTADUAL PAULISTA,"UNIV ESTADUAL PAULISTA, PROGRAMA CIENCIA INFORMACAO, SAO PAULO, BRAZIL"
"SILVA CASARIN, HELEN DE CASTRO",UNIV ESTADUAL PAULISTA,"UNIV ESTADUAL PAULISTA, DEPT CIENCIA INFORMACAO, SAO PAULO, BRAZIL"
"JOCSON, KORINA M.",USA,UNIV MASSACHUSETTS AMHERST
"BAILEY, M.",USA,UNIV CALIF LOS ANGELES
"UIJTDEHAAGE, S.",USA,UNIV CALIF LOS ANGELES
"MARTENS, HANS",BELGIUM,UNIV ANTWERP
"MERCEA, DAN",ENGLAND,CITY UNIV LONDON
"SUN, CHYNG",USA,NYU
"LIBERMAN, RACHAEL",USA,UNIV DENVER
"BUTLER, ALLISON",USA,UNIV MASSACHUSETTS AMHERST
"LEE, SUN YOUNG",USA,NYU
"WEBB, RACHEL",USA,NYU
"YOUNG, JIMMY A.",USA,UNIV NEBRASKA
"PEROVIC, JELENA",ITALY,UNIV ROMA LA SAPIENZA
"ROCIO CRUZ-DIAZ, MARIA",SPAIN,PABLO OLAVIDE UNIV
"AGUADED GOMEZ, MARIA CINTA",SPAIN,UNIV HUELVA
"LOPEZ ROMERO, LAURA",SPAIN,UNIV MALAGA
"DROTNER, KIRSTEN",DENMARK,UNIV SOUTHERN DENMARK
"KOBBERNAGEL, CHRISTIAN",DENMARK,ROSKILDE UNIV
"LIVINGSTONE, SONIA",LSE,"ICA, LONDON, ENGLAND"
"SANG, GUOYUAN",CHINA,BEIJING NORMAL UNIV
"WALTHER, BIRTE",GERMANY,INST THERAPY & HLTH RES IFT NORD
"HANEWINKEL, REINER",INST THERAPY & HLTH RES IFT NORD,"UNIV MED CTR SCHLESWIG HOLSTEIN, INST MED PSYCHOL & MED SOCIOL, KIEL, GERMANY"
"MORGENSTERN, MATTHIS",INST THERAPY & HLTH RES IFT NORD,"UNIV MED CTR SCHLESWIG HOLSTEIN, INST MED PSYCHOL & MED SOCIOL, KIEL, GERMANY"
"GARCIA-RUIZ, ROSA",UNIV CANTABRIA,"UNIV CANTABRIA, DEPT EDUC, E-39005 SANTANDER, SPAIN"
"RAMIREZ-GARCIA, ANTONIA",UNIV CORDOBA,"UNIV CORDOBA, EDUC SCI DEPT, CORDOBA, SPAIN"
"RODRIGUEZ-ROSELL, MARIA M.",CATHOLIC UNIV MURCIA,"CATHOLIC UNIV MURCIA, SOCIAL & COMMUN SCI DEPT, MURCIA, SPAIN"
"LENTZ, BECKY",CANADA,MCGILL UNIV
"FINGAR, KATHRYN R.",UNIV CALIF LOS ANGELES,"CONSORTIUM MEDIA LITERACY, MALIBU, CA 90265 USA"
"JOLLS, TESSA",CTR MEDIA LITERACY,"CONSORTIUM MEDIA LITERACY, MALIBU, CA 90265 USA"
"TIMMS, LYDIA",AUSTRALIA,CURTIN UNIV
"WILLIAMS, CORI",AUSTRALIA,CURTIN UNIV
"KANE, ROBERT",AUSTRALIA,CURTIN UNIV
"STOKES, STEPHANIE F.",ZEALAND,UNIV CANTERBURY
"TORRENT-SELLENS, JOAN",SPAIN,UNIV OBERTA CATALUNYA
"LATHAM, DON",USA,FLORIDA STATE UNIV
"HOLLISTER, JONATHAN M.",USA,FLORIDA STATE UNIV
"DOUGLAS, ERIKA L.",UNIV PITTSBURGH,"UNIV PITTSBURGH, MED CTR, PITTSBURGH, PA 15219 USA"
"LAND, STEPHANIE R.",NCI,"NCI, NIH, BETHESDA, MD 20892 USA"
"FINE, MICHAEL J.","UNIV PITTSBURGH, DIV GEN INTERNAL MED, SCH MED, PITTSBURGH, PA 15213 USA","VA PITTSBURGH HEALTHCARE SYST, CHERP, PITTSBURGH, PA 15240 USA"
"DE LA FUENTE PRIETO, JULIAN",SPAIN,UNIV ALCALA DE HENARES
"WIAZOWSKI, JAROSLAW",POLAND,AKAD PEDAG SPECJALNEJ
"VIDAUSKYTE, LINA",LITHUANIA,KAUNO TECHNOL UNIV
"SODEIKA, TOMAS",LITHUANIA,VILNIAUS UNIV
"UNAL, EMRE",TURKEY,NIGDE UNIV
"ISERI, KAMIL",TURKEY,NIGDE UNIV
"LEE, A. Y. L.","HONG KONG BAPTIST UNIV, DEPT PERIODISMO, HONG KONG, HONG KONG, PEOPLES R CHINA","HONG KONG BAPTIST UNIV, DEPT PERIODISMO, HONG KONG, HONG KONG, PEOPLES R CHINA"
"SO, C. Y. K.","UNIV CHINA HONG KONG, ESCUELA PERIODISMO & COMUNICAC, HONG KONG, HONG KONG, PEOPLES R CHINA","UNIV CHINA HONG KONG, ESCUELA PERIODISMO & COMUNICAC, HONG KONG, HONG KONG, PEOPLES R CHINA"
"ABAD ALCALA, LEOPOLDO",SPAIN,UNIV CEU SAN PABLO MADRID
"JANNETH SANTOS MARTINEZ, CLARA",COLOMBIA,UNIV AUTONOMA BUCARAMANGA UNAB
"CAKMAK, EBUBEKIR",TURKEY,ABANT IZZET BAYSAL UNIV
"THEVENIN, BENJAMIN",USA,BRIGHAM YOUNG UNIV
"NEYS, JOYCE",NETHERLANDS,ERASMUS UNIV
"KAESTLE, CHRISTINE",VIRGINIA TECH,"DEAKIN UNIV, MELBOURNE, VIC, AUSTRALIA"
"CHEN, YVONNE S.",USA,UNIV KANSAS
"WALLIS, RICHARD",ENGLAND,BOURNEMOUTH UNIV
"DENG, FENG",SINGAPORE,NATL INST EDUC
"VRABEC, NORBERT",UNIV SS CYRIL & METHODIUS,"UNIV SS CYRIL & METHODIUS, FAC MASS MEDIA COMMUN, TRNAVA 91701, SLOVAKIA"
"POLIEVKOVA, PETRA",UNIV SS CYRIL & METHODIUS,"UNIV SS CYRIL & METHODIUS, FAC MASS MEDIA COMMUN, TRNAVA 91701, SLOVAKIA"
"CLARK, LYNN SCHOFIELD",USA,UNIV DENVER
"ANTON CUADRADO, RAUL",SPAIN,UNED
"LEVRATTO, VALERIA",SPAIN,UNED
"RUTTEN, KRIS",UNIV GHENT,"UNIV GHENT, B-9000 GHENT, BELGIUM"
"CASEY, GAIL",AUSTRALIA,DEAKIN UNIV
"KAESTLE, CHRISTINE E.",USA,VIRGINIA TECH
"BIGBY, BRANDON",USA,VIRGINIA TECH
"BAZALGETTE, CARY",ENGLAND,UNIV LONDON
"ERSTAD, OLA",NORWAY,UNIV OSLO
"AMDAM, SYNNOVE",NORWAY,VOLDA UNIV COLL
"LIM, SUN SUN","NATL UNIV SINGAPORE, DEPT COMMUN & NEW MEDIA, SINGAPORE 117416, SINGAPORE","NATL UNIV SINGAPORE, DEPT COMMUN & NEW MEDIA, SINGAPORE 117416, SINGAPORE"
"BASNYAT, ICCHA","NATL UNIV SINGAPORE, DEPT COMMUN & NEW MEDIA, SINGAPORE 117416, SINGAPORE","NATL UNIV SINGAPORE, DEPT COMMUN & NEW MEDIA, SINGAPORE 117416, SINGAPORE"
"VADREVU, SHOBHA","NATL UNIV SINGAPORE, DEPT COMMUN & NEW MEDIA, SINGAPORE 117416, SINGAPORE","NATL UNIV SINGAPORE, DEPT COMMUN & NEW MEDIA, SINGAPORE 117416, SINGAPORE"
"CHAN, YOKE HIAN","NATL UNIV SINGAPORE, DEPT COMMUN & NEW MEDIA, SINGAPORE 117416, SINGAPORE","NATL UNIV SINGAPORE, DEPT COMMUN & NEW MEDIA, SINGAPORE 117416, SINGAPORE"
"PARKER, JESSICA K.",USA,SONOMA STATE UNIV
"RASINSKI, TIMOTHY V.",USA,KENT STATE UNIV
"ALVAREZ, CLAUDIO",CHILE,UNIV LOS ANDES
"SALAVATI, SADAF",SWEDEN,LINNAEUS UNIV
"MILRAD, MARCELO",SWEDEN,LINNAEUS UNIV
"NUSSBAUM, MIGUEL",CHILE,PONTIFICIA UNIV CATOLICA CHILE
"ESTHER DEL-MORAL-PEREZ, MA","UNIV OVIEDO, FAC TEACHER TRAINING & EDUC, ICTS EDUC, OVIEDO, SPAIN","UNIV OVIEDO, FAC TEACHER TRAINING & EDUC, ICTS EDUC, OVIEDO, SPAIN"
"VILLALUSTRE-MARTINEZ, LOURDES","UNIV OVIEDO, FAC TEACHER TRAINING & EDUC, ICTS EDUC, OVIEDO, SPAIN","UNIV OVIEDO, FAC TEACHER TRAINING & EDUC, ICTS EDUC, OVIEDO, SPAIN"
"MERCHANT, GUY","SHEFFIELD HALLAM UNIV, SHEFFIELD S1 1WB, S YORKSHIRE, ENGLAND","SHEFFIELD HALLAM UNIV, SHEFFIELD S1 1WB, S YORKSHIRE, ENGLAND"
"MACNAMARA, JIM",AUSTRALIA,UNIV TECHNOL SYDNEY
"THORNE-WALLINGTON, ELIZABETH",USA,WASHINGTON UNIV
"ROBERTS-SMITH, JENNIFER",CANADA,UNIV WATERLOO
"HARVEY, KATHRYN",CANADA,UNIV GUELPH
"DOBSON, TERESA M.",CANADA,UNIV BRITISH COLUMBIA
"GABRIELE, SANDRA",CANADA,YORK UNIV
"KOVACS, ALEXANDRA (SASHA)",CANADA,UNIV TORONTO
"RODRIGUEZ-ARENAS, OMAR",CANADA,UNIV ALBERTA
"RUECKER, STAN",USA,IIT INST DESIGN CHICAGO
"SINCLAIR, STEFAN",CANADA,MCGILL UNIV
"LEE, JOOYOUNG","IOWA STATE UNIV, AMES, IA 50011 USA","IOWA STATE UNIV, AMES, IA 50011 USA"
"CORDERO, EUGENE",USA,SAN JOSE STATE UNIV
"LAM, WAN SHUN EVA",USA,NORTHWESTERN UNIV
"MORRELL, ERNEST",USA,COLUMBIA UNIV
"WILSON, CAROLYN","UNIV TORONTO, ASSOC MEDIA LITERACY CANADA, TORONTO, ON, CANADA","UNIV TORONTO, ONTARIO INST STUDIES EDUC, TORONTO, ON, CANADA"
"SALEH, IBRAHIM",UNIV CAPE TOWN,"UNIV AMER, DEPT PERIODISMO & COMUNICAC MASAS, EL CAIRO, EGYPT"
"MOELLER, SUSAN",UNIV MARYLAND,"UNIV MARYLAND, CTR INT MEDIOS COMUNICAC & AGENDA PUBL, COLLEGE PK, MD 20742 USA"
"POWERS, ELIA",USA,UNIV MARYLAND
"ROBERTS, JESSICA",USA,UNIV MARYLAND
"CULVER, SHERRI H.",TEMPLE UNIV,"TEMPLE UNIV, DEPT BROADCASTING TELECOMMUN & MASS MEDIA, PHILADELPHIA, PA 19122 USA"
"JACOBSON, THOMAS",USA,TEMPLE UNIV
"REIA-BAPTISTA, VITOR","UNIV ALGARVE FARO, CIENCIAS COMUNICACAO LITERACIA MEDIA & LINGUAGENS, FARO, PORTUGAL","UNIV ALGARVE, RES CTR ARTS & COMMUN, FARO, PORTUGAL"
"PINTO, MANUEL",UNIV MINHO,"UNIV MINHO, COMMUN & SOC RES CTR, BRAGA, PORTUGAL"
"MORA, JORGE",MONTERREY INST TECHNOL,"UNIV SO CALIF, LABYRINTH PROJECT, SAN DIEGO, CA USA"
"AKIN, HEATHER",USA,UNIV WISCONSIN
"ROJAS, HERNANDO",USA,UNIV WISCONSIN
"SZABO, K.",HUNGARY,SEMMELWEIS UNIV
"TURY, F.",HUNGARY,SEMMELWEIS UNIV
"BRICKMAN, PEGGY",USA,UNIV GEORGIA
"GORMALLY, CARA",USA,GEORGIA INST TECHNOL
"FRANCOM, GREG",USA,NO STATE UNIV
"JARDELEZZ, SARAH E.",USA,MICHIGAN STATE UNIV
"SCHUTTE, VIRGINIA G. W.",USA,UNIV GEORGIA
"JORDAN, CARLY",USA,UNIV WYOMING
"KANIZAY, LISA",USA,UNIV GEORGIA
"CHANG, CHUN-YEN","NATL TAIWAN NORMAL UNIV, GRAD INST SCI EDUC, TAIPEI, TAIWAN","NATL TAIWAN NORMAL UNIV, DEPT EARTH SCI, TAIPEI, TAIWAN"
"RUNDGREN, CARL-JOHAN","LINKOPING UNIV, DEPT THEMAT STUDIES, NORRKOPING, SWEDEN","LINKOPING UNIV, DEPT THEMAT STUDIES, NORRKOPING, SWEDEN"
"RUNDGREN, SHU-NU CHANG","LINKOPING UNIV, DEPT SOCIAL & WELFARE STUDIES, SWEDISH NATL GRAD SCH SCI & TECHNOL EDUC RES, NORRKOPING, SWEDEN","LINKOPING UNIV, DEPT SOCIAL & WELFARE STUDIES, SWEDISH NATL GRAD SCH SCI & TECHNOL EDUC RES, NORRKOPING, SWEDEN"
"JEONG, SE-HOON",KOREA,KOREA UNIV
"CHO, HYUNYI",USA,PURDUE UNIV
"HWANG, YOORI",KOREA,MYONGJI UNIV
"VICTORIA SALGADO, M.","UNIV CALIF SAN FRANCISCO, DEPT MED, MED EFFECTIVENESS RES CTR DIVERSE POPULAT, DIV GEN INTERNAL MED, SAN FRANCISCO, CA 94143 USA","UNIV BUENOS AIRES, DEPT MED, PROGRAMA MED INTERNA GEN, BUENOS AIRES, DF, ARGENTINA"
"PEREZ-STABLE, ELISEO J.","UNIV CALIF SAN FRANCISCO, DEPT MED, MED EFFECTIVENESS RES CTR DIVERSE POPULAT, DIV GEN INTERNAL MED, SAN FRANCISCO, CA 94143 USA","UNIV CALIF SAN FRANCISCO, HELEN DILLER FAMILY COMPREHENS CANC CTR, SAN FRANCISCO, CA 94143 USA"
"KAPLAN, CELIA PATRICIA","UNIV CALIF SAN FRANCISCO, DEPT MED, MED EFFECTIVENESS RES CTR DIVERSE POPULAT, DIV GEN INTERNAL MED, SAN FRANCISCO, CA 94143 USA","UNIV CALIF SAN FRANCISCO, HELEN DILLER FAMILY COMPREHENS CANC CTR, SAN FRANCISCO, CA 94143 USA"
"GREGORICH, STEVEN E.",UNIV CALIF SAN FRANCISCO,"UNIV CALIF SAN FRANCISCO, DEPT MED, MED EFFECTIVENESS RES CTR DIVERSE POPULAT, DIV GEN INTERNAL MED, SAN FRANCISCO, CA 94143 USA"
"MEJIA, RAUL M.",UNIV BUENOS AIRES,"UNIV BUENOS AIRES, DEPT MED, PROGRAMA MED INTERNA GEN, BUENOS AIRES, DF, ARGENTINA"
"ALDERETE, ETHEL","CONSEJO NACL INVEST CIENT & TECN CONICET, SAN SALVADOR DE JUJUY, ARGENTINA","UNIV NACL JUJUY, SAN SALVADOR DE JUJUY, ARGENTINA"
"KESTEN, ALPER","ONDOKUZ MAYIS UNIV, TR-55139 KURUPELIT, TURKEY","ONDOKUZ MAYIS UNIV, FAC EDUC, DEPT PRIMARY EDUC, ATAKUM SAMSUN, TURKEY"
"GUTIERREZ MARTIN, ALFONSO","UNIV VALLADOLID, SCH EDUC SEGOVIA, SEGOVIA, SPAIN","UNIV VALLADOLID, E-47002 VALLADOLID, SPAIN"
"TYNER, KATHLEEN","UNIV TEXAS AUSTIN, DEPT RADIOTELEVIS FILM, AUSTIN, TX 78712 USA","UNIV TEXAS AUSTIN, AUSTIN, TX 78712 USA"
"SOEP, ELISABETH",USA,YOUTH RADIO
"DEL VALLE, CARLOS",CHILE,UNIV LA FRONTERA TEMUCO
"DENEGRI, MARIANELA",CHILE,UNIV LA FRONTERA TEMUCO
"KENDALL, ALEX",ENGLAND,BIRMINGHAM CITY UNIV BIRMINGHAM
"MCDOUGALL, JULIAN",ENGLAND,WOLVERHAMPTON UNIV
"PENUEL, WILLIAM R.",SRI INT,"SRI INT, MENLO PK, CA 94025 USA"
"GALLAGHER, LAWRENCE P.",SRI INT,"SRI INT, MENLO PK, CA 94025 USA"
"LLORENTE, CARLIN",SRI INT,"SRI INT, MENLO PK, CA 94025 USA"
"DOMINGUEZ, XIMENA",SRI INT,"SRI INT, MENLO PK, CA 94025 USA"
"VANDERBORGHT, MIEKE",SRI INT,"SRI INT, MENLO PK, CA 94025 USA"
"BATES, LAUREN",EDUC DEV CTR INC,"EDUC DEV CTR INC, NEW YORK, NY 10014 USA"
"PASNIK, SHELLEY",EDUC DEV CTR INC,"EDUC DEV CTR INC, NEW YORK, NY 10014 USA"
"TOWNSEND, EVE",EDUC DEV CTR INC,"EDUC DEV CTR INC, NEW YORK, NY 10014 USA"
"HUPERT, NAOMI",EDUC DEV CTR INC,"EDUC DEV CTR INC, NEW YORK, NY 10014 USA"
"BONNSTETTER, BETH E.",USA,ADAMS STATE COLL
"COHEN, MARILYN",UNIV WASHINGTON,"UNIV WASHINGTON, COLL EDUC, SEATTLE, WA 98195 USA"
"MUNK, CARMEN","UNIV WURZBURG, INST PSYCHOL, D-97070 WURZBURG, GERMANY","UNIV WURZBURG, INST PSYCHOL, D-97070 WURZBURG, GERMANY"
"SCHNEIDER, WOLFGANG","UNIV WURZBURG, INST PSYCHOL, D-97070 WURZBURG, GERMANY","UNIV WURZBURG, INST PSYCHOL, D-97070 WURZBURG, GERMANY"
"WATERHOUSE, MONICA",CANADA,UNIV OTTAWA
"GEIMER, ALEXANDER",GERMANY,FU BERLIN
"KAHNE, JOSEPH",USA,MILLS COLL
"LEE, NAM-JIN",USA,COLL CHARLESTON
"FEEZELL, JESSICA TIMPANY",USA,UC SANTA BARBARA
"PAGE, RANDY M.",BRIGHAM YOUNG UNIV,"BRIGHAM YOUNG UNIV, DEPT HLTH SCI, PROVO, UT 84602 USA"
"STRUK, TAMARA",USA,BRIGHAM YOUNG UNIV
"PIKO, BETTINA F.",HUNGARY,UNIV SZEGED
"BALAZS, MATE A.",HUNGARY,UNIV SZEGED
"JURKOWSKI, E. T.",USA,SO ILLINOIS UNIV
"CHANG, CHIUNG-SUI",TAMKANG UNIV,"TAMKANG UNIV, DEPT EDUC TECHNOL, TAIPEI, TAIWAN"
"LIU, ERIC ZHI-FENG",NATL CENT UNIV,"NATL CENT UNIV, GRAD INST LEARNING & INSTRUCT, RES CTR SCI & TECHNOL LEARNING, CHUNGLI, TAIWAN"
"STEWART, BONNIE",CANADA,UNIV PRINCE EDWARD ISL
"DOMINE, VANESSA",MONTCLAIR STATE UNIV,"MONTCLAIR STATE UNIV, COLL EDUC & HUMAN SERV, MONTCLAIR, NJ 07043 USA"
"WINDLE, JOEL",AUSTRALIA,MONASH UNIV
"BURNETT, CATHY",SHEFFIELD HALLAM UNIV,"SHEFFIELD HALLAM UNIV, SHEFFIELD S1 1WB, S YORKSHIRE, ENGLAND"
"TURNER, K. C. NAT",USA,UNIV MASSACHUSETTS
"HALLIWELL, EMMA",ENGLAND,UNIV W ENGLAND
"SALGADO, MARIA VICTORIA",UNIV CALIF SAN FRANCISCO,"UNIV CALIF SAN FRANCISCO, SAN FRANCICO, CA USA"
"PRIMACK, BRIAN",UNIV PITTSBURGH,"UNIV PITTSBURGH, SCH MED, PITTSBURGH, PA USA"
"KAPLAN, CELIA",UNIV CALIF SAN FRANCISCO,"UNIV CALIF SAN FRANCISCO, SAN FRANCISCO, CA 94143 USA"
"GREGORICH, STEVEN",UNIV CALIF SAN FRANCISCO,"UNIV CALIF SAN FRANCISCO, SAN FRANCISCO, CA 94143 USA"
"MEJIA, RAUL",HOSP CLIN BUENOS AIRES,"HOSP CLIN BUENOS AIRES, BUENOS AIRES, DF, ARGENTINA"
"YAMADA-RICE, DYLAN",ENGLAND,UNIV SHEFFIELD
"CHEN, NIAN-SHING",TAIWAN,NATL SUN YAT SEN UNIV
"LEE, CHUN-YI",TAIWAN,CHUNG YUAN CHRISTIAN UNIV
"HU, DA-CHIAN",TAIWAN,TAMKANG UNIV
"LEVIN-ZAMIR, DIANE",CLALIT HLTH SERV,"UNIV HAIFA, SCH PUBL HLTH, IL-31905 HAIFA, ISRAEL"
"LEMISH, DAFNA",USA,SO ILLINOIS UNIV
"GOFIN, ROSA","HADASSAH MED ORG, IL-91120 JERUSALEM, ISRAEL","HEBREW UNIV JERUSALEM, BRAUN SCH PUBL HLTH & COMMUNITY MED, IL-91120 JERUSALEM, ISRAEL"
"RAMIREZ DE LA PISCINA, T.","UNIV BASQUE COUNTRY, DEPT PERIODISMO, FAC CIENCIAS SOCIALES & COMUNICAC, VIZCAYA, SPAIN","UNIV BASQUE COUNTRY, DEPT PERIODISMO, FAC CIENCIAS SOCIALES & COMUNICAC, VIZCAYA, SPAIN"
"BASTERRETXEA, J. I.","UNIV BASQUE COUNTRY, DEPT PERIODISMO, FAC CIENCIAS SOCIALES & COMUNICAC, VIZCAYA, SPAIN","UNIV BASQUE COUNTRY, DEPT PERIODISMO, FAC CIENCIAS SOCIALES & COMUNICAC, VIZCAYA, SPAIN"
"JIMENEZ, E.","UNIV BASQUE COUNTRY, DEPT COMUNICAC AUDIOVISUAL, FAC CIENCIAS SOCIALES & COMUNICAC, VIZCAYA, SPAIN","UNIV BASQUE COUNTRY, DEPT COMUNICAC AUDIOVISUAL, FAC CIENCIAS SOCIALES & COMUNICAC, VIZCAYA, SPAIN"
"KOLTAY, TIBOR",HUNGARY,SZENT ISTVAN UNIV
"COOPER, CAREN B.",USA,CORNELL UNIV
"PAEK, HYE-JIN",MICHIGAN STATE UNIV,"MICHIGAN STATE UNIV, DEPT ADVERTISING PUBL RELAT & RETAILING, E LANSING, MI 48824 USA"
"REBER, BRYAN H.",UNIV GEORGIA,"UNIV GEORGIA, DEPT ADVERTISING & PUBL RELAT, ATHENS, GA 30602 USA"
"LARISCY, RUTHANN W.",UNIV GEORGIA,"UNIV GEORGIA, DEPT ADVERTISING & PUBL RELAT, ATHENS, GA 30602 USA"
"AMORY, ALAN",AFRICA,UNIV JOHANNESBURG
"BOYD, MICHELLE J.",TUFTS UNIV,"TUFTS UNIV, INST APPL RES YOUTH DEV, MEDFORD, MA 02155 USA"
"DOBROW, JULIE",TUFTS UNIV,"TUFTS UNIV, COMMUN & MEDIA STUDIES PROGRAM, MEDFORD, MA 02155 USA"
"CINCOTTA-SEGI, ANGELA",AUSTRALIA,AUSTRALIAN NATL UNIV
"CABERO-ALMENARA, JULIO",UNIV SEVILLE,"UNIV SEVILLE, FAC CIENCIAS EDUC, SEVILLE 41018, SPAIN"
"GUERRA LIANO, SONSOLES",UNIV CANTABRIA,"UNIV CANTABRIA, FAC EDUC, E-39005 SANTANDER, CANTABRIA, SPAIN"
"HUONG, NGUYEN T.",VIETNAM,HANOI SCH PUBL HLTH
"CHI, HOANG K.",VIETNAM,HANOI SCH PUBL HLTH
"TIEN, TRUONG Q.",VIETNAM,HANOI SCH PUBL HLTH
"GUSTAVSON, AMY","E CAROLINA UNIV, JY JOYNER LIB, GREENVILLE, NC USA","E CAROLINA UNIV, JOYNER LIB, GREENVILLE, NC USA"
"WHITEHURST, ANGELA","E CAROLINA UNIV, JY JOYNER LIB, GREENVILLE, NC USA","E CAROLINA UNIV, JOYNER LIB, GREENVILLE, NC USA"
"HISLE, DAVID",CARTERET COMMUNITY COLL LIB,"CARTERET COMMUNITY COLL LIB, MOREHEAD CITY, NC USA"
"NAM, SIHO",USA,UNIV N FLORIDA
"PIKO, B. F.",HUNGARY,UNIV SZEGED
"BALAZS, M. A.",HUNGARY,UNIV SZEGED
"PAGE, R. M.",USA,BRIGHAM YOUNG UNIV
"GUNDERS, JOHN",UNIV QUEENSLAND,"UNIV QUEENSLAND, CTR CRIT & CULTURAL STUDIES, BRISBANE, QLD 4072, AUSTRALIA"
"ZAGALO, NELSON",PORTUGAL,UNIV MINHO
"AKAR-VURAL, RUKEN",ADNAN MENDERES UNIV,"ADNAN MENDERES UNIV, FAC EDUC, DEPT CURRICULUM & INSTRUCT, AYDIN, TURKEY"
"AUSTEN, RALPH A.",USA,UNIV CHICAGO
"MERSKIN, DEBRA",USA,UNIV OREGON
"TSENG, YUEN-HSIEN",NATL TAIWAN NORMAL UNIV,"NATL TAIWAN NORMAL UNIV, INFORMAT TECHNOL CTR, TAIPEI, TAIWAN"
"TEURLINGS, JAN",NETHERLANDS,UNIV AMSTERDAM
"ANDERSON, DANIEL R.",UNIV MASSACHUSETTS,"UNIV MASSACHUSETTS, DEPT PSYCHOL, AMHERST, MA 01003 USA"
"HANSON, KATHERINE G.",UNIV MASSACHUSETTS,"UNIV MASSACHUSETTS, DEPT PSYCHOL, AMHERST, MA 01003 USA"
"VAN DE VORD, REBECCA",USA,WASHINGTON STATE UNIV
"ELMA, CEVAT","ONDOKUZ MAYIS UNIV, TR-55139 KURUPELIT, TURKEY","ONDOKUZ MAYIS UNIV, TR-55139 KURUPELIT, TURKEY"
"UZUN, ELIF MERCAN",TURKEY,ONDOKUZ MAYIS UNIV
"DICLE, ABDULLAH N.","ONDOKUZ MAYIS UNIV, TR-55139 KURUPELIT, TURKEY","ONDOKUZ MAYIS UNIV, TR-55139 KURUPELIT, TURKEY"
"BURN, ANDREW",ENGLAND,UNIV LONDON
"PARTINGTON, ANTHONY","COLERIDGE COMMUNITY COLL, CAMBRIDGE, ENGLAND","PARKSIDE COMMUNITY COLL, CAMBRIDGE, ENGLAND"
"ANDERSEN, NEIL",CANADA,YORK UNIV
"GAINER, JESSE S.","TEXAS STATE UNIV, SAN MARCOS, TX USA","TEXAS STATE UNIV, SAN MARCOS, TX USA"
"POTTER, W. JAMES",USA,UNIV CALIF SANTA BARBARA
"TANRIVERDI, BELGIN",UNIV KOCAELI,"UNIV KOCAELI, FAC EDUC, EDUC SCI DEPT, TR-41380 IZMIT, KOCAELI, TURKEY"
"APAK, OEZLEM",UNIV KOCAELI,"UNIV KOCAELI, FAC EDUC, DEPT PRIMARY SCH EDUC, TR-41380 IZMIT, KOCAELI, TURKEY"
"WALKER, TRENIA L.",USA,TEXAS TECH UNIV
"HARRETT, JACQUELINE",WALES,UNIV GLAMORGAN
"FOGG, VICTORIA",UNIV YORK,"UNIV YORK, YORK YO10 5DD, N YORKSHIRE, ENGLAND"
"BADKE, WILLIAM",CANADA,TRINITY WESTERN UNIV
"YANG, CHRISTOPHER K.",USA,UNIV PITTSBURGH
"WICKETT, DUSTIN",USA,UNIV PITTSBURGH
"FINE, DANIELLE",USA,UNIV COLORADO
"ZICKMUND, SUSAN",USA,VA PITTSBURGH HEALTHCARE SYST
"PLESTER, BEVERLY",ENGLAND,COVENTRY UNIV
"WOOD, CLARE",ENGLAND,COVENTRY UNIV
"KINARD, TIMOTHY",TEXAS STATE UNIV,"TEXAS STATE UNIV, SAN MARCOS, TX USA"
"VALDEZ-GAINER, NANCY",DAWSON ELEMENTARY SCH,"DAWSON ELEMENTARY SCH, AUSTIN, TX USA"
"SKAAR, HAVARD",NORWAY,OSLO UNIV COLL
"SALOMON, EVE","SALOMON WHITTLE LTD, LONDON, ENGLAND","PRESS COMPLAINTS COMMISS, LONDON, ENGLAND"
"DAVID, JANE L.",USA,BAY AREA RES GRP
"CONSIDINE, DAVID",USA,APPALACHIAN STATE UNIV
"MOORMAN, GARY",USA,APPALACHIAN STATE UNIV
"HORTON, JULIE",USA,ARGOSY UNIV
"ROCK, MELANIE",CANADA,UNIV CALGARY
"LAIL, PRABH",CANADA,UNIV CALGARY
"ERJAVEC, KARMEN",FAK DRUZBENE VEDE LJUBLJANI,"FAK DRUZBENE VEDE LJUBLJANI, LJUBLJANA, SLOVENIA"
"SNYDER, ILANA",AUSTRALIA,MONASH UNIV
"MERCAN, ELIF","ONDOKUZ MAYIS UNIV, TR-55139 KURUPELIT, TURKEY","ONDOKUZ MAYIS UNIV, TR-55139 KURUPELIT, TURKEY"
"CINKIR, SAKIR","ONDOKUZ MAYIS UNIV, TR-55139 KURUPELIT, TURKEY","ONDOKUZ MAYIS UNIV, TR-55139 KURUPELIT, TURKEY"
"PALAVAN, OEZCAN","MARMARA UNIV, ISTANBUL, TURKEY","MARMARA UNIV, ISTANBUL, TURKEY"
"SOURBATI, MARIA",ENGLAND,UNIV BRIGHTON
"TYMA, ADAM W.",USA,UNIV NEBRASKA
"CHEN, HSIN-LIANG",USA,UNIV MISSOURI
"WILLIAMS, JAMES PATRICK",USA,CUNY
"SIDANI, JAIME",USA,UNIV PITTSBURGH
"ARCHAKIS, ARGIRIS",GREECE,UNIV PATRAS
"TSAKONA, VILLY",GREECE,UNIV IOANNINA
"CALLISON, COY",USA,TEXAS TECH UNIV
"ZILLMANN, DOLF",USA,UNIV ALABAMA
"GIBSON, RHONDA",USA,UNIV N CAROLINA
"BARONE, DIANE",USA,UNIV NEVADA
"WRIGHT, TODD E.",USA,FERNLEY ELEMENTARY SCH
"JENSEN, AMY PETERSEN",USA,BRIGHAM YOUNG UNIV
"PEREZ TORNERO, JOSE MANUEL",UNIV AUTONOMA BARCELONA,"UAB, GABINETE COMUNICAC & EDUC, BARCELONA, SPAIN"
"CHEN, YI-CHUN YVONNES",USA,VIRGINIA POLYTECH INST & STATE UNIV
"FITZGERALD, ERIN",USA,UNIV TEXAS AUSTIN
"COMER, JONATHAN S.",USA,COLUMBIA UNIV
"FURR, JAMI M.",USA,TEMPLE UNIV
"BEIDAS, RINAD S.",USA,TEMPLE UNIV
"KENDALL, PHILIP C.",USA,TEMPLE UNIV
"WEINER, COURTNEY L.",USA,BOSTON UNIV
"DURBRIDGE, MITCHELL R.",AUSTRALIA,FLINDERS UNIV S AUSTRALIA
"LUMBY, CATHARINE","NATL RUGBY LEAGUE, WELF COMMITTEE, RUGBY, ENGLAND","UNIV SYDNEY, MEDIA & COMMUN DEPT, SYDNEY, NSW 2006, AUSTRALIA"
"PARK, SUN-HEE",KOREA,DAN KOOK UNIV
"BERGSMA, LYNDA J.",USA,UNIV ARIZONA
"CARNEY, MARY E.",USA,NEW MEXICO STATE UNIV
"WAN, GUOFANG",USA,OHIO UNIV
"GUT, DIANNE M.",USA,OHIO UNIV
"ARGYROPOULOS, VASSIHOS S.",UNIV THESSALY,"UNIV THESSALY, DEPT SPECIAL EDUC, VOLOS 38221, GREECE"
"SIDERIDIS, GEORGIOS D.",UNIV CRETE,"UNIV CRETE, DEPT PSYCHOL, RETHIMNON 74100, CRETE, GREECE"
"KATSOULIS, PHILIPPOS",SPECIAL SCH BLIND,"SPECIAL SCH BLIND, ATHENS 17675, GREECE"
"AGUADED GOMEZ, JOSE IGNACIO",SPAIN,UNIV HUELVA
"SANCHEZ CARRERO, JACQUELINE",SPAIN,UNIV SEVILLE
"TIPPETT, CHRISTINE D.",UNIV VICTORIA,"UNIV VICTORIA, VICTORIA, BC V8W 2Y2, CANADA"
"YORE, LARRY D.",UNIV VICTORIA,"UNIV VICTORIA, VICTORIA, BC V8W 2Y2, CANADA"
"GAINES, ELLIOT",USA,WRIGHT STATE UNIV
"ERICKSON, KRIS",CANADA,UNIV GUELPH
"GRIFFIN, MICHAEL","MACALESTER COLL, ST PAUL, MN 55105 USA","UNIV AMSTERDAM, NL-1012 WX AMSTERDAM, NETHERLANDS"
"AHN, SEONGMEE",USA,MICHIGAN STATE UNIV
"COOPERMAN, LARRY",USA,SEMINOLE HIGH SCH
"EAGLE, LYNNE",ENGLAND,UNIV W ENGLAND
"FLEMING, JENNIFER J.","CALIF STATE UNIV LONG BEACH, LONG BEACH, CA 90840 USA","CALIF STATE UNIV LONG BEACH, LONG BEACH, CA 90840 USA"
"CHOMA, BECKY L.",CANADA,BROCK UNIV
"HAYES, MICHAEL",CANADA,SIMON FRASER UNIV
"DAVOU, BETTINA","UNIV ATENAS GRECIA, LAB PSICOL APLICADA & PLANIFICAC, ATHENS, GREECE","UNIV ATENAS GRECIA, LAB PSICOL APLICADA & PLANIFICAC, ATHENS, GREECE"
"NIKA, VASSILIKI","UNIV ATENAS GRECIA, LAB PSICOL APLICADA & PLANIFICAC, ATHENS, GREECE","UNIV ATENAS GRECIA, LAB PSICOL APLICADA & PLANIFICAC, ATHENS, GREECE"
"CHUNG, SHENG KUAN",USA,UNIV HOUSTON
"WINSKEL, HEATHER",AUSTRALIA,UNIV WESTERN SYDNEY
"YUS, FRANCISCO",SPAIN,UNIV ALICANTE
"SELWYN, NEIL",WALES,CARDIFF SCH SOCIAL SCI
"ISLAM, RAMONA L.",USA,FAIRFIELD UNIV
"BROWN, JANE D.",USA,UNIV N CAROLINA
"NEWKIRK, THOMAS",USA,UNIV NEW HAMPSHIRE
"TRIER, JAMES",USA,UNIV N CAROLINA
"BROSSARD, DOMINIQUE",USA,UNIV WISCONSIN
"WILKSCH, SM",AUSTRALIA,FLINDERS UNIV S AUSTRALIA
"BRESCIA, W",USA,UNIV ARKANSAS
"VARGAS, L",USA,UNIV N CAROLINA
"WEASENFORTH, D",USA,COLLIN CTY COMMUNITY COLL
"GRUBA, P",AUSTRALIA,UNIV MELBOURNE
"BRUCE, D",USA,KENT STATE UNIV
"PRIMACK, BA",UNIV PITTSBURGH,"UNIV PITTSBURGH, SCH MED, DEPT PEDIAT, PITTSBURGH, PA 15261 USA.;   UNIV PITTSBURGH, SCH MED, DEPT MED, PITTSBURGH, PA 15261 USA"
"TRIER, J",USA,UNIV N CAROLINA
"AUSTIN, EW",WASHINGTON STATE UNIV,"WASHINGTON STATE UNIV, EDWARD R MURROW SCH COMMUN, PULLMAN, WA 99164 USA.;   UNIV WASHINGTON, COLL EDUC, SEATTLE, WA 98195 USA"
"SEW, JW",SINGAPORE,CHIJ ST THERESAS CONVENT
"ZHANG, LI",USA,MISSISSIPPI STATE UNIV LIB
"EVANS, AE",USA,UNIV S CAROLINA
"LILLIS, T",USA,OPEN UNIV
"BEAN, TW",USA,UNIV NEVADA
"HOBBS, R","BABSON COLL, DEPT HIST & SOC, MEDIA LITERACY PROJECT, WELLESLEY, MA USA","TEMPLE UNIV, PHILADELPHIA, PA 19122 USA"
"VILA, HJ",USA,MIDDLEBURY COLL
"GRAY, J",USA,FORDHAM UNIV
"VILLANI, VS",USA,JOHNS HOPKINS UNIV
"FOSTER, AE",WALES,UNIV WALES
"KEENAN, KL",EGYPT,AMER UNIV CAIRO
"WADSWORTH, LA",CANADA,ST FRANCIS XAVIER UNIV
"WATKINS, J",AUSTRALIA,QUEENSLAND UNIV TECHNOL
"BROZO, WG",USA,GEORGE MASON UNIV
"GALICIAN, ML",ARIZONA STATE UNIV,"ARIZONA STATE UNIV, WALTER CRONKITE SCH JOURNALISM & MASS COMMUN, TEMPE, AZ 85287 USA"
"BERGSMA, LJ",USA,UNIV ARIZONA
"RICH, M",USA,HARVARD UNIV
"GONZALES, R",USA,UNIV CALIF LOS ANGELES
"DENNIS, EE",USA,FORDHAM UNIV
"BERG, LRV",USA,CALIF STATE UNIV SACRAMENTO
"NATHARIUS, D",USA,ARIZONA STATE UNIV
"OLSON, SR",USA,MINNESOTA STATE UNIV
"POTTER, WJ",USA,UNIV CALIF SANTA BARBARA
"THOMAN, E",USA,CTR MEDIA LITERACY
"SCHEIBE, CL",USA,ITHACA COLL
"KUBEY, R",RUTGERS STATE UNIV,"RUTGERS STATE UNIV, CTR MEDIA STUDIES, NEW BRUNSWICK, NJ 08903 USA"
"ALVERMANN, DE",USA,UNIV GEORGIA
"HUNDLEY, HL",USA,CALIF STATE UNIV SAN BERNARDINO
"CHRIST, WG",TRINITY UNIV,"TRINITY UNIV, SAN ANTONIO, TX 78284 USA"
"CONSIDINE, DM",USA,APPALACHIAN STATE UNIV
"MERSKIN, D",USA,UNIV OREGON
"HARRIS, A",ENGLAND,UNIV HUDDERSFIELD
"SWIENCICKI, J",USA,CALIF STATE UNIV LOS ANGELES
"LABERGE, Y",CANADA,INST QUEBECOIS HAUTES ETUDES INT
"MARSH, J",ENGLAND,UNIV SHEFFIELD
"BARON, NS",USA,AMERICAN UNIV
"SILVERSTONE, R",ENGLAND,UNIV LONDON LONDON SCH ECON & POLIT SCI
"BEATY, LM",CUNY,"CUNY, NEW YORK, NY 10021 USA"
"HINDIN, TJ",USA,COLUMBIA UNIV
"FRANCIS, C",AUSTRALIA,UNIV MELBOURNE
"GOODSON, FT",USA,KANSAS STATE UNIV
"HULL, GA",USA,UNIV CALIF BERKELEY
"HESSE, P",USA,WHEELOCK COLL
"HILL, SC",USA,BRIGHAM YOUNG UNIV
"HAGOOD, MC",USA,COLL CHARLESTON
"NIXON, H",AUSTRALIA,UNIV S AUSTRALIA
"PAYNE, JG",USA,EMERSON COLL
"WADE, TD",AUSTRALIA,FLINDERS UNIV S AUSTRALIA
"SCHARRER, E",USA,UNIV MASSACHUSETTS
"LELLIOTT, A",AFRICA,UNIV WITWATERSRAND
"MARTIN, MA",USA,EASTERN KENTUCKY UNIV
"RAMANATHAN, V",USA,UNIV CALIF DAVIS
"VAN HORN, R",USA,UNIV N FLORIDA
"COHEN, HL",USA,UNIV N TEXAS
"BURCH, E",USA,SONOMA STATE UNIV
"ROBINSON, A",USA,PENN STATE UNIV LIB
"EDGERTON, GR",USA,OLD DOMINION UNIV
"ROCKLER, NR",USA,GUSTAVUS ADOLPHUS COLL
